
> apps-www@0.0.1 build D:\a\Proto-UI\Proto-UI\source\apps\www
> corepack pnpm@10.32.1 run generate:proto-ui-style && astro build && node ./scripts/clean-sitemap.mjs


> apps-www@0.0.1 generate:proto-ui-style D:\a\Proto-UI\Proto-UI\source\apps\www
> corepack pnpm@10.32.1 --dir ../.. --filter @proto.ui/cli build && node ../../packages/cli/bin/proto-ui.js theme shadcn --out ./src/styles/shadcn-theme.css && node ../../packages/cli/bin/proto-ui.js tokens --input ../../packages/prototypes --out ./src/styles/proto-ui-tokens.generated.css && node ../../packages/cli/bin/proto-ui.js style --out ./src/styles/proto-ui-style.css --theme-import ./shadcn-theme.css --tokens-import ./proto-ui-tokens.generated.css


> @proto.ui/cli@0.3.0-alpha.1 build D:\a\Proto-UI\Proto-UI\source\packages\cli
> node ../../scripts/build/public-packages.mjs --package @proto.ui/cli

[build:packages] @proto.ui/cli 1660ms 48 files
[build:packages] complete: 1/43 public packages
[proto-ui] theme(shadcn): wrote src\styles\shadcn-theme.css
[proto-ui] tokens: wrote 401 tokens -> src\styles\proto-ui-tokens.generated.css
[proto-ui] style: wrote src\styles\proto-ui-style.css
00:05:06 [content] Syncing content
00:05:09 [content] Synced content
00:05:09 [types] Generated 2.97s
00:05:09 [build] output: "static"
00:05:09 [build] mode: "static"
00:05:09 [build] directory: D:\a\Proto-UI\Proto-UI\source\apps\www\dist\
00:05:09 [build] Collecting build info...
00:05:09 [build] ✓ Completed in 3.19s.
00:05:09 [build] Building static entrypoints...
00:05:14 [WARN] [vite] 
./assets/font/GeistVF.woff2 referenced in ./assets/font/GeistVF.woff2 didn't resolve at build time, it will remain unchanged to be resolved at runtime
00:05:18 [vite] ✓ built in 8.88s
00:05:18 [build] ✓ Completed in 8.91s.

 building client (vite) 
00:05:18 [vite] transforming...
00:05:24 [vite] ✓ 4027 modules transformed.
00:05:25 [vite] rendering chunks...
00:05:26 [vite] computing gzip size...
00:05:27 [vite] dist/_astro/ec.0vx5m.js                                                            2.52 kB
00:05:27 [vite] dist/_astro/ec.iu4tp.css                                                          17.04 kB │ gzip:   3.95 kB
00:05:27 [vite] dist/_astro/minus.CcLJtwft.js                                                      0.12 kB │ gzip:   0.13 kB
00:05:27 [vite] dist/_astro/slash.C7ktl2Os.js                                                      0.12 kB │ gzip:   0.13 kB
00:05:27 [vite] dist/_astro/tally-1.CDyOidrZ.js                                                    0.12 kB │ gzip:   0.13 kB
00:05:27 [vite] dist/_astro/dot.B2qVMsU4.js                                                        0.13 kB │ gzip:   0.13 kB
00:05:27 [vite] dist/_astro/check.g_1BwlX1.js                                                      0.13 kB │ gzip:   0.14 kB
00:05:27 [vite] dist/_astro/circle.CYJ5XNso.js                                                     0.13 kB │ gzip:   0.13 kB
00:05:27 [vite] dist/_astro/wifi-zero.-E8W873E.js                                                  0.13 kB │ gzip:   0.14 kB
00:05:27 [vite] dist/_astro/signal-zero.8ACalcui.js                                                0.13 kB │ gzip:   0.14 kB
00:05:27 [vite] dist/_astro/chevron-up.RoWqcyTA.js                                                 0.14 kB │ gzip:   0.14 kB
00:05:27 [vite] dist/_astro/ellipse.Cw2R5Jj4.js                                                    0.14 kB │ gzip:   0.14 kB
00:05:27 [vite] dist/_astro/chevron-down.xgUGihuk.js                                               0.14 kB │ gzip:   0.14 kB
00:05:27 [vite] dist/_astro/circle-small.G9owCerH.js                                               0.14 kB │ gzip:   0.14 kB
00:05:27 [vite] dist/_astro/chevron-left.DGllVqw-.js                                               0.14 kB │ gzip:   0.15 kB
00:05:27 [vite] dist/_astro/chevron-right.DQYOqh_i.js                                              0.14 kB │ gzip:   0.15 kB
00:05:27 [vite] dist/_astro/square.CzaOjqCC.js                                                     0.14 kB │ gzip:   0.15 kB
00:05:27 [vite] dist/_astro/x.DwClyvgf.js                                                          0.14 kB │ gzip:   0.14 kB
00:05:27 [vite] dist/_astro/mountain.BYVb2jFc.js                                                   0.14 kB │ gzip:   0.15 kB
00:05:27 [vite] dist/_astro/plus.QM7B5cQc.js                                                       0.14 kB │ gzip:   0.14 kB
00:05:27 [vite] dist/_astro/bluetooth.CWNEuTXt.js                                                  0.15 kB │ gzip:   0.15 kB
00:05:27 [vite] dist/_astro/tally-2.Ctd3IcHB.js                                                    0.15 kB │ gzip:   0.14 kB
00:05:27 [vite] dist/_astro/option.Cb8tNCdx.js                                                     0.15 kB │ gzip:   0.15 kB
00:05:27 [vite] dist/_astro/blend.C46MD8W0.js                                                      0.15 kB │ gzip:   0.14 kB
00:05:27 [vite] dist/_astro/code.BOJTsiaT.js                                                       0.15 kB │ gzip:   0.14 kB
00:05:27 [vite] dist/_astro/fish-symbol.La59hC1q.js                                                0.15 kB │ gzip:   0.16 kB
00:05:27 [vite] dist/_astro/clock.CrvoOHrW.js                                                      0.15 kB │ gzip:   0.16 kB
00:05:27 [vite] dist/_astro/disc.DQi-JF_8.js                                                       0.15 kB │ gzip:   0.14 kB
00:05:27 [vite] dist/_astro/music-3.B2qJC1s1.js                                                    0.15 kB │ gzip:   0.16 kB
00:05:27 [vite] dist/_astro/space.ifN3nqax.js                                                      0.15 kB │ gzip:   0.16 kB
00:05:27 [vite] dist/_astro/clock-6.PKwWv_jF.js                                                    0.16 kB │ gzip:   0.16 kB
00:05:27 [vite] dist/_astro/egg.Cm-y5-6t.js                                                        0.16 kB │ gzip:   0.16 kB
00:05:27 [vite] dist/_astro/loader-circle.DM6-uc9h.js                                              0.16 kB │ gzip:   0.16 kB
00:05:27 [vite] dist/_astro/move-up.zIB2jEsI.js                                                    0.16 kB │ gzip:   0.15 kB
00:05:27 [vite] dist/_astro/arrow-up.2eMLDrDy.js                                                   0.16 kB │ gzip:   0.16 kB
00:05:27 [vite] dist/_astro/clock-12.STZaaOE3.js                                                   0.16 kB │ gzip:   0.16 kB
00:05:27 [vite] dist/_astro/clock-3.CAHCt4H2.js                                                    0.16 kB │ gzip:   0.16 kB
00:05:27 [vite] dist/_astro/clock-9.CPrmyNli.js                                                    0.16 kB │ gzip:   0.16 kB
00:05:27 [vite] dist/_astro/navigation.Cp6KSO-I.js                                                 0.16 kB │ gzip:   0.16 kB
00:05:27 [vite] dist/_astro/signal-low.CIVBAW9n.js                                                 0.16 kB │ gzip:   0.15 kB
00:05:27 [vite] dist/_astro/terminal.AR9qOTOV.js                                                   0.16 kB │ gzip:   0.15 kB
00:05:27 [vite] dist/_astro/music-2.pOSgtQpr.js                                                    0.16 kB │ gzip:   0.16 kB
00:05:27 [vite] dist/_astro/clock-1.BxHduT9N.js                                                    0.16 kB │ gzip:   0.16 kB
00:05:27 [vite] dist/_astro/clock-2.BefstqEM.js                                                    0.16 kB │ gzip:   0.16 kB
00:05:27 [vite] dist/_astro/clock-4.R3rkEQMe.js                                                    0.16 kB │ gzip:   0.16 kB
00:05:27 [vite] dist/_astro/clock-5.BfqJmAj5.js                                                    0.16 kB │ gzip:   0.16 kB
00:05:27 [vite] dist/_astro/clock-7.B69vfah4.js                                                    0.16 kB │ gzip:   0.16 kB
00:05:27 [vite] dist/_astro/clock-8.B0J1E1AQ.js                                                    0.16 kB │ gzip:   0.16 kB
00:05:27 [vite] dist/_astro/move-left.CRWZN0GW.js                                                  0.16 kB │ gzip:   0.15 kB
00:05:27 [vite] dist/_astro/navigation-2.lQoygvbR.js                                               0.16 kB │ gzip:   0.16 kB
00:05:27 [vite] dist/_astro/search.Y_wy15BI.js                                                     0.16 kB │ gzip:   0.16 kB
00:05:27 [vite] dist/_astro/arrow-down.BwHQMTY3.js                                                 0.16 kB │ gzip:   0.16 kB
00:05:27 [vite] dist/_astro/arrow-left.CTbQGgoN.js                                                 0.16 kB │ gzip:   0.16 kB
00:05:27 [vite] dist/_astro/clock-10.DwvL18qF.js                                                   0.16 kB │ gzip:   0.17 kB
00:05:27 [vite] dist/_astro/clock-11.rJRQo51M.js                                                   0.16 kB │ gzip:   0.17 kB
00:05:27 [vite] dist/_astro/arrow-right.BVyiCKOK.js                                                0.16 kB │ gzip:   0.16 kB
00:05:27 [vite] dist/_astro/move-down.BHsMOdgA.js                                                  0.16 kB │ gzip:   0.16 kB
00:05:27 [vite] dist/_astro/cloud.cHfJfETs.js                                                      0.16 kB │ gzip:   0.16 kB
00:05:27 [vite] dist/_astro/equal.C36xSMsI.js                                                      0.16 kB │ gzip:   0.15 kB
00:05:27 [vite] dist/_astro/mouse.CvY5ZHHh.js                                                      0.16 kB │ gzip:   0.17 kB
00:05:27 [vite] dist/_astro/move-up-left.C1M1yoFy.js                                               0.16 kB │ gzip:   0.16 kB
00:05:27 [vite] dist/_astro/tv.CEhJy2tG.js                                                         0.16 kB │ gzip:   0.17 kB
00:05:27 [vite] dist/_astro/ban.DBhe5z8h.js                                                        0.16 kB │ gzip:   0.16 kB
00:05:27 [vite] dist/_astro/chevron-last.Cx3jM9BH.js                                               0.16 kB │ gzip:   0.16 kB
00:05:27 [vite] dist/_astro/circle-minus.D2zPCiwu.js                                               0.16 kB │ gzip:   0.17 kB
00:05:27 [vite] dist/_astro/move-right.B44B1t6L.js                                                 0.16 kB │ gzip:   0.16 kB
00:05:27 [vite] dist/_astro/arrow-up-left.C0_2w6F8.js                                              0.17 kB │ gzip:   0.16 kB
00:05:27 [vite] dist/_astro/menu.DkHSTzKU.js                                                       0.17 kB │ gzip:   0.14 kB
00:05:27 [vite] dist/_astro/power.CB1qOMld.js                                                      0.17 kB │ gzip:   0.16 kB
00:05:27 [vite] dist/_astro/rectangle-vertical.CI3Xv-98.js                                         0.17 kB │ gzip:   0.17 kB
00:05:27 [vite] dist/_astro/chevron-first.CBdYE0x0.js                                              0.17 kB │ gzip:   0.17 kB
00:05:27 [vite] dist/_astro/circle-dot.Bo9L7d1q.js                                                 0.17 kB │ gzip:   0.14 kB
00:05:27 [vite] dist/_astro/diff.D2JrjgcX.js                                                       0.17 kB │ gzip:   0.14 kB
00:05:27 [vite] dist/_astro/move-up-right.CWRgFaS5.js                                              0.17 kB │ gzip:   0.16 kB
00:05:27 [vite] dist/_astro/rows-2.OghD6pgA.js                                                     0.17 kB │ gzip:   0.17 kB
00:05:27 [vite] dist/_astro/thermometer.C729gfZi.js                                                0.17 kB │ gzip:   0.17 kB
00:05:27 [vite] dist/_astro/unlink-2.lySBtn9n.js                                                   0.17 kB │ gzip:   0.16 kB
00:05:27 [vite] dist/_astro/arrow-up-right.BUIu1_0a.js                                             0.17 kB │ gzip:   0.16 kB
00:05:27 [vite] dist/_astro/gauge.DaW6zgQU.js                                                      0.17 kB │ gzip:   0.16 kB
00:05:27 [vite] dist/_astro/reply.COjZcNrO.js                                                      0.17 kB │ gzip:   0.16 kB
00:05:27 [vite] dist/_astro/eclipse.jqzPZgdi.js                                                    0.17 kB │ gzip:   0.17 kB
00:05:27 [vite] dist/_astro/kanban.BV9wxlNm.js                                                     0.17 kB │ gzip:   0.15 kB
00:05:27 [vite] dist/_astro/move-down-left.Dtnwzksz.js                                             0.17 kB │ gzip:   0.16 kB
00:05:27 [vite] dist/_astro/arrow-down-left.BsXVEbnT.js                                            0.17 kB │ gzip:   0.16 kB
00:05:27 [vite] dist/_astro/chevrons-up.BisBixBc.js                                                0.17 kB │ gzip:   0.15 kB
00:05:27 [vite] dist/_astro/rectangle-horizontal.B96QfaCa.js                                       0.17 kB │ gzip:   0.17 kB
00:05:27 [vite] dist/_astro/chevrons-down.BUiJ3wDb.js                                              0.17 kB │ gzip:   0.15 kB
00:05:27 [vite] dist/_astro/circle-check.b1zBn_Yp.js                                               0.17 kB │ gzip:   0.17 kB
00:05:27 [vite] dist/_astro/squircle.CQyhSa6o.js                                                   0.17 kB │ gzip:   0.16 kB
00:05:27 [vite] dist/_astro/tally-3.CuFM9UpG.js                                                    0.17 kB │ gzip:   0.14 kB
00:05:27 [vite] dist/_astro/wifi-low.BuyEav1D.js                                                   0.17 kB │ gzip:   0.17 kB
00:05:27 [vite] dist/_astro/arrow-down-right.Dlnlw9S1.js                                           0.17 kB │ gzip:   0.17 kB
00:05:27 [vite] dist/_astro/circle-slash-2.BaxEwyk8.js                                             0.17 kB │ gzip:   0.17 kB
00:05:27 [vite] dist/_astro/heading.CEyyWIQG.js                                                    0.17 kB │ gzip:   0.15 kB
00:05:27 [vite] dist/_astro/move-down-right.BD4Fs30o.js                                            0.17 kB │ gzip:   0.17 kB
00:05:27 [vite] dist/_astro/panel-top.BtqGaKbd.js                                                  0.17 kB │ gzip:   0.17 kB
00:05:27 [vite] dist/_astro/venus.Dd7-ca2k.js                                                      0.17 kB │ gzip:   0.16 kB
00:05:27 [vite] dist/_astro/columns-2.BP5EzUUq.js                                                  0.17 kB │ gzip:   0.18 kB
00:05:27 [vite] dist/_astro/forward.Ce2_93K8.js                                                    0.17 kB │ gzip:   0.17 kB
00:05:27 [vite] dist/_astro/trending-up.kjEsGgfe.js                                                0.17 kB │ gzip:   0.17 kB
00:05:27 [vite] dist/_astro/user-round.Ch6-j8GM.js                                                 0.17 kB │ gzip:   0.18 kB
00:05:27 [vite] dist/_astro/chevrons-left.r48Ae2EK.js                                              0.17 kB │ gzip:   0.16 kB
00:05:27 [vite] dist/_astro/dice-1.BqdELQ7R.js                                                     0.17 kB │ gzip:   0.18 kB
00:05:27 [vite] dist/_astro/panel-left.BAQjurmo.js                                                 0.17 kB │ gzip:   0.18 kB
00:05:27 [vite] dist/_astro/chevrons-right.CP5wbK9G.js                                             0.17 kB │ gzip:   0.16 kB
00:05:27 [vite] dist/_astro/circle-slash.DPno8l-b.js                                               0.17 kB │ gzip:   0.17 kB
00:05:27 [vite] dist/_astro/contrast.A5Ni_zeD.js                                                   0.17 kB │ gzip:   0.17 kB
00:05:27 [vite] dist/_astro/info.CWSHhklm.js                                                       0.17 kB │ gzip:   0.16 kB
00:05:27 [vite] dist/_astro/torus.l2jE8i7u.js                                                      0.17 kB │ gzip:   0.16 kB
00:05:27 [vite] dist/_astro/tv-minimal.B6ctZxzl.js                                                 0.17 kB │ gzip:   0.18 kB
00:05:27 [vite] dist/_astro/battery.B5uTro9Q.js                                                    0.18 kB │ gzip:   0.18 kB
00:05:27 [vite] dist/_astro/crop.DKi4sRBl.js                                                       0.18 kB │ gzip:   0.16 kB
00:05:27 [vite] dist/_astro/check-check.N6ioEUkP.js                                                0.18 kB │ gzip:   0.17 kB
00:05:27 [vite] dist/_astro/chevrons-down-up.BbleiNMY.js                                           0.18 kB │ gzip:   0.17 kB
00:05:27 [vite] dist/_astro/chevrons-up-down.B5Ww2-Fg.js                                           0.18 kB │ gzip:   0.16 kB
00:05:27 [vite] dist/_astro/panel-right.Bbk4AsRN.js                                                0.18 kB │ gzip:   0.18 kB
00:05:27 [vite] dist/_astro/undo.mIFenuGZ.js                                                       0.18 kB │ gzip:   0.16 kB
00:05:27 [vite] dist/_astro/copyleft.CgMxncJf.js                                                   0.18 kB │ gzip:   0.18 kB
00:05:27 [vite] dist/_astro/iteration-cw.DOTrCFgW.js                                               0.18 kB │ gzip:   0.17 kB
00:05:27 [vite] dist/_astro/square-minus.BxIQuCW1.js                                               0.18 kB │ gzip:   0.18 kB
00:05:27 [vite] dist/_astro/zodiac-taurus.Cze8X9Ib.js                                              0.18 kB │ gzip:   0.18 kB
00:05:27 [vite] dist/_astro/cylinder.DPjOIg-t.js                                                   0.18 kB │ gzip:   0.18 kB
00:05:27 [vite] dist/_astro/infinity.BV32BV2M.js                                                   0.18 kB │ gzip:   0.17 kB
00:05:27 [vite] dist/_astro/list-filter.BkxD1laH.js                                                0.18 kB │ gzip:   0.16 kB
00:05:27 [vite] dist/_astro/martini.CsTmoFFF.js                                                    0.18 kB │ gzip:   0.16 kB
00:05:27 [vite] dist/_astro/panel-bottom.Dcy-zNwl.js                                               0.18 kB │ gzip:   0.18 kB
00:05:27 [vite] dist/_astro/redo.C0NJez4j.js                                                       0.18 kB │ gzip:   0.17 kB
00:05:27 [vite] dist/_astro/russian-ruble.B4m7woxs.js                                              0.18 kB │ gzip:   0.17 kB
00:05:27 [vite] dist/_astro/trending-down.CJowdddk.js                                              0.18 kB │ gzip:   0.17 kB
00:05:27 [vite] dist/_astro/underline.CF88q5lR.js                                                  0.18 kB │ gzip:   0.17 kB
00:05:27 [vite] dist/_astro/bold.CDsXHqow.js                                                       0.18 kB │ gzip:   0.16 kB
00:05:27 [vite] dist/_astro/mars.CtkL4l0t.js                                                       0.18 kB │ gzip:   0.17 kB
00:05:27 [vite] dist/_astro/square-dot.BPJuMLJC.js                                                 0.18 kB │ gzip:   0.18 kB
00:05:27 [vite] dist/_astro/baseline.Dfsc0B2o.js                                                   0.18 kB │ gzip:   0.17 kB
00:05:27 [vite] dist/_astro/chart-line.Bm2wfb8X.js                                                 0.18 kB │ gzip:   0.17 kB
00:05:27 [vite] dist/_astro/circle-chevron-up.pVYdSObO.js                                          0.18 kB │ gzip:   0.18 kB
00:05:27 [vite] dist/_astro/circle-stop.FrlFkE5Z.js                                                0.18 kB │ gzip:   0.18 kB
00:05:27 [vite] dist/_astro/copyright.plPWNFMd.js                                                  0.18 kB │ gzip:   0.18 kB
00:05:27 [vite] dist/_astro/toggle-left.C_Pwknfm.js                                                0.18 kB │ gzip:   0.18 kB
00:05:27 [vite] dist/_astro/user.CelWezEE.js                                                       0.18 kB │ gzip:   0.17 kB
00:05:27 [vite] dist/_astro/circle-x.BiKv0yGk.js                                                   0.18 kB │ gzip:   0.17 kB
00:05:27 [vite] dist/_astro/iteration-ccw.BaY6PC_r.js                                              0.18 kB │ gzip:   0.17 kB
00:05:27 [vite] dist/_astro/smartphone.D7DvwkcB.js                                                 0.18 kB │ gzip:   0.18 kB
00:05:27 [vite] dist/_astro/x-line-top.DVNRMzZo.js                                                 0.18 kB │ gzip:   0.16 kB
00:05:27 [vite] dist/_astro/chevrons-left-right.BABDeE9e.js                                        0.18 kB │ gzip:   0.17 kB
00:05:27 [vite] dist/_astro/pause.7whpcbGQ.js                                                      0.18 kB │ gzip:   0.15 kB
00:05:27 [vite] dist/_astro/swiss-franc.B-0GSeLP.js                                                0.18 kB │ gzip:   0.17 kB
00:05:27 [vite] dist/_astro/disc-2.CWSNIP_F.js                                                     0.18 kB │ gzip:   0.16 kB
00:05:27 [vite] dist/_astro/ratio.Ce7mtnZl.js                                                      0.18 kB │ gzip:   0.17 kB
00:05:27 [vite] dist/_astro/square-check.izbaeMaT.js                                               0.18 kB │ gzip:   0.18 kB
00:05:27 [vite] dist/_astro/toggle-right.DQ2P20EN.js                                               0.18 kB │ gzip:   0.18 kB
00:05:27 [vite] dist/_astro/demo-button-default.demo.Lwv22zS1.js                                   0.18 kB │ gzip:   0.16 kB
00:05:27 [vite] dist/_astro/chevrons-right-left.06l6BYut.js                                        0.18 kB │ gzip:   0.18 kB
00:05:27 [vite] dist/_astro/circle-plus.DvHtpIAQ.js                                                0.18 kB │ gzip:   0.17 kB
00:05:27 [vite] dist/_astro/dock.D5MWDj7z.js                                                       0.18 kB │ gzip:   0.18 kB
00:05:27 [vite] dist/_astro/lock.BM_ZIK03.js                                                       0.18 kB │ gzip:   0.18 kB
00:05:27 [vite] dist/_astro/music.BxTJAGuk.js                                                      0.18 kB │ gzip:   0.17 kB
00:05:27 [vite] dist/_astro/parentheses.CPfDWCRR.js                                                0.18 kB │ gzip:   0.17 kB
00:05:27 [vite] dist/_astro/check-line.B56oQUXg.js                                                 0.19 kB │ gzip:   0.17 kB
00:05:27 [vite] dist/_astro/circle-chevron-down.DHdjFdan.js                                        0.19 kB │ gzip:   0.18 kB
00:05:27 [vite] dist/_astro/circle-chevron-left.YwxiOykh.js                                        0.19 kB │ gzip:   0.18 kB
00:05:27 [vite] dist/_astro/corner-left-up.BRExMxad.js                                             0.19 kB │ gzip:   0.18 kB
00:05:27 [vite] dist/_astro/corner-right-up.Dqc_FyTX.js                                            0.19 kB │ gzip:   0.18 kB
00:05:27 [vite] dist/_astro/corner-up-left.B_L_s5oz.js                                             0.19 kB │ gzip:   0.18 kB
00:05:27 [vite] dist/_astro/tablet.DnzgGUaM.js                                                     0.19 kB │ gzip:   0.18 kB
00:05:27 [vite] dist/_astro/text-align-end.DFwiNg3v.js                                             0.19 kB │ gzip:   0.16 kB
00:05:27 [vite] dist/_astro/triangle.59KgpfTm.js                                                   0.19 kB │ gzip:   0.17 kB
00:05:27 [vite] dist/_astro/ungroup.DM2D0G9Z.js                                                    0.19 kB │ gzip:   0.16 kB
00:05:27 [vite] dist/_astro/at-sign.C7givE0W.js                                                    0.19 kB │ gzip:   0.18 kB
00:05:27 [vite] dist/_astro/circle-chevron-right.UXurBYEF.js                                       0.19 kB │ gzip:   0.18 kB
00:05:27 [vite] dist/_astro/circle-parking.D3B6yyKa.js                                             0.19 kB │ gzip:   0.19 kB
00:05:27 [vite] dist/_astro/credit-card.BrNlFRT6.js                                                0.19 kB │ gzip:   0.18 kB
00:05:27 [vite] dist/_astro/signal-medium.Ycjgk2SI.js                                              0.19 kB │ gzip:   0.17 kB
00:05:27 [vite] dist/_astro/target.C5jkMmjN.js                                                     0.19 kB │ gzip:   0.14 kB
00:05:27 [vite] dist/_astro/command.D5_v_eux.js                                                    0.19 kB │ gzip:   0.17 kB
00:05:27 [vite] dist/_astro/corner-down-left.BWPxbgUq.js                                           0.19 kB │ gzip:   0.18 kB
00:05:27 [vite] dist/_astro/square-slash.CndmZ3OF.js                                               0.19 kB │ gzip:   0.18 kB
00:05:27 [vite] dist/_astro/circle-equal.BbzZQfJ8.js                                               0.19 kB │ gzip:   0.17 kB
00:05:27 [vite] dist/_astro/code-xml.DQXdG9fQ.js                                                   0.19 kB │ gzip:   0.17 kB
00:05:27 [vite] dist/_astro/corner-up-right.D6FpGkjf.js                                            0.19 kB │ gzip:   0.18 kB
00:05:27 [vite] dist/_astro/ellipsis.iSNdC6d1.js                                                   0.19 kB │ gzip:   0.15 kB
00:05:27 [vite] dist/_astro/rows-3.ClZWnMMG.js                                                     0.19 kB │ gzip:   0.17 kB
00:05:27 [vite] dist/_astro/divide.4qOgVnR5.js                                                     0.19 kB │ gzip:   0.17 kB
00:05:27 [vite] dist/_astro/text-align-start.JbD6lcgp.js                                           0.19 kB │ gzip:   0.17 kB
00:05:27 [vite] dist/_astro/corner-down-right.BbSfByaR.js                                          0.19 kB │ gzip:   0.18 kB
00:05:27 [vite] dist/_astro/corner-left-down.Ca280I_F.js                                           0.19 kB │ gzip:   0.18 kB
00:05:27 [vite] dist/_astro/corner-right-down.hE-RTS0l.js                                          0.19 kB │ gzip:   0.18 kB
00:05:27 [vite] dist/_astro/move-diagonal.CM7-CP7y.js                                              0.19 kB │ gzip:   0.17 kB
00:05:27 [vite] dist/_astro/demo-base-live-region.demo.CBQ97ena.js                                 0.19 kB │ gzip:   0.17 kB
00:05:27 [vite] dist/_astro/cone.CFmXevKE.js                                                       0.19 kB │ gzip:   0.19 kB
00:05:27 [vite] dist/_astro/text-align-center.BYqxJSbe.js                                          0.19 kB │ gzip:   0.17 kB
00:05:27 [vite] dist/_astro/play.BvgVxWT0.js                                                       0.19 kB │ gzip:   0.18 kB
00:05:27 [vite] dist/_astro/spell-check.DcJSlN_C.js                                                0.19 kB │ gzip:   0.17 kB
00:05:27 [vite] dist/_astro/spline.B_oO6Lyc.js                                                     0.19 kB │ gzip:   0.18 kB
00:05:27 [vite] dist/_astro/square-radical.BE7QGwmU.js                                             0.19 kB │ gzip:   0.19 kB
00:05:27 [vite] dist/_astro/asterisk.BLPcUqLH.js                                                   0.19 kB │ gzip:   0.17 kB
00:05:27 [vite] dist/_astro/grid-2x2.CsQySKis.js                                                   0.19 kB │ gzip:   0.18 kB
00:05:27 [vite] dist/_astro/lock-open.DA5XmV3K.js                                                  0.19 kB │ gzip:   0.19 kB
00:05:27 [vite] dist/_astro/mail.tp356fj_.js                                                       0.19 kB │ gzip:   0.19 kB
00:05:27 [vite] dist/_astro/move-vertical.BLE04MFM.js                                              0.19 kB │ gzip:   0.17 kB
00:05:27 [vite] dist/_astro/rss.nINklU5V.js                                                        0.19 kB │ gzip:   0.18 kB
00:05:27 [vite] dist/_astro/square-chevron-up.Qzq7-7ZX.js                                          0.19 kB │ gzip:   0.19 kB
00:05:27 [vite] dist/_astro/square-stop.Bc8tiYv5.js                                                0.19 kB │ gzip:   0.18 kB
00:05:27 [vite] dist/_astro/tally-4.C2qXrI-i.js                                                    0.19 kB │ gzip:   0.14 kB
00:05:27 [vite] dist/_astro/text-align-justify.mmz_wqYp.js                                         0.19 kB │ gzip:   0.16 kB
00:05:27 [vite] dist/_astro/timer.Qd75Z1dA.js                                                      0.19 kB │ gzip:   0.17 kB
00:05:27 [vite] dist/_astro/columns-3.CRayFix9.js                                                  0.19 kB │ gzip:   0.18 kB
00:05:27 [vite] dist/_astro/move-diagonal-2.rtW-X9Dn.js                                            0.19 kB │ gzip:   0.18 kB
00:05:27 [vite] dist/_astro/pilcrow.BqD5fMIz.js                                                    0.19 kB │ gzip:   0.16 kB
00:05:27 [vite] dist/_astro/touchpad.BsngBUZp.js                                                   0.19 kB │ gzip:   0.18 kB
00:05:27 [vite] dist/_astro/arrow-up-to-line.DPXQf7Yd.js                                           0.20 kB │ gzip:   0.18 kB
00:05:27 [vite] dist/_astro/chart-no-axes-gantt.BvtejvtP.js                                        0.20 kB │ gzip:   0.18 kB
00:05:27 [vite] dist/_astro/library.eHEY0j5a.js                                                    0.20 kB │ gzip:   0.16 kB
00:05:27 [vite] dist/_astro/voicemail.rfkDDucz.js                                                  0.20 kB │ gzip:   0.18 kB
00:05:27 [vite] dist/_astro/album.6hVwocWp.js                                                      0.20 kB │ gzip:   0.19 kB
00:05:27 [vite] dist/_astro/book.CoT6_4mq.js                                                       0.20 kB │ gzip:   0.18 kB
00:05:27 [vite] dist/_astro/circle-check-big.BIb-A1mk.js                                           0.20 kB │ gzip:   0.19 kB
00:05:27 [vite] dist/_astro/dice-2.DkDO0pxd.js                                                     0.20 kB │ gzip:   0.18 kB
00:05:27 [vite] dist/_astro/line-dot-right-horizontal.BGwwmktO.js                                  0.20 kB │ gzip:   0.19 kB
00:05:27 [vite] dist/_astro/rotate-ccw.BFfFvsT1.js                                                 0.20 kB │ gzip:   0.18 kB
00:05:27 [vite] dist/_astro/rotate-cw.B-i6Rky-.js                                                  0.20 kB │ gzip:   0.19 kB
00:05:27 [vite] dist/_astro/square-sigma.mTkIiKMf.js                                               0.20 kB │ gzip:   0.20 kB
00:05:27 [vite] dist/_astro/type.DCGP8cOU.js                                                       0.20 kB │ gzip:   0.17 kB
00:05:27 [vite] dist/_astro/annoyed.CX0-DFYO.js                                                    0.20 kB │ gzip:   0.17 kB
00:05:27 [vite] dist/_astro/captions.Cne_SoSZ.js                                                   0.20 kB │ gzip:   0.19 kB
00:05:27 [vite] dist/_astro/git-merge.daR4IFvE.js                                                  0.20 kB │ gzip:   0.18 kB
00:05:27 [vite] dist/_astro/laptop-minimal.CSSs-PFs.js                                             0.20 kB │ gzip:   0.19 kB
00:05:27 [vite] dist/_astro/move-horizontal.C8J0-LQn.js                                            0.20 kB │ gzip:   0.17 kB
00:05:27 [vite] dist/_astro/square-plus.CMQ67qlX.js                                                0.20 kB │ gzip:   0.18 kB
00:05:27 [vite] dist/_astro/square-square.CvcMEQ1k.js                                              0.20 kB │ gzip:   0.17 kB
00:05:27 [vite] dist/_astro/zodiac-sagittarius.BboTzw1k.js                                         0.20 kB │ gzip:   0.18 kB
00:05:27 [vite] dist/_astro/arrow-left-to-line.Bff0kv4u.js                                         0.20 kB │ gzip:   0.18 kB
00:05:27 [vite] dist/_astro/chart-no-axes-column.Bo93Pvme.js                                       0.20 kB │ gzip:   0.18 kB
00:05:27 [vite] dist/_astro/italic.B7-NRqZG.js                                                     0.20 kB │ gzip:   0.16 kB
00:05:27 [vite] dist/_astro/search-check.BcA7IxeH.js                                               0.20 kB │ gzip:   0.19 kB
00:05:27 [vite] dist/_astro/search-slash.DeflMJWl.js                                               0.20 kB │ gzip:   0.19 kB
00:05:27 [vite] dist/_astro/square-chevron-down.CW-tC8Uo.js                                        0.20 kB │ gzip:   0.20 kB
00:05:27 [vite] dist/_astro/square-chevron-left.Cdtw75J0.js                                        0.20 kB │ gzip:   0.20 kB
00:05:27 [vite] dist/_astro/zodiac-aries.CRH6l5-_.js                                               0.20 kB │ gzip:   0.18 kB
00:05:27 [vite] dist/_astro/arrow-down-to-line.BJ4IqNlk.js                                         0.20 kB │ gzip:   0.18 kB
00:05:27 [vite] dist/_astro/arrow-up-from-line.CCGWzlq_.js                                         0.20 kB │ gzip:   0.18 kB
00:05:27 [vite] dist/_astro/flask-round.44sUdbVD.js                                                0.20 kB │ gzip:   0.18 kB
00:05:27 [vite] dist/_astro/git-branch.BzqgePCv.js                                                 0.20 kB │ gzip:   0.18 kB
00:05:27 [vite] dist/_astro/redo-2.VVGB3zRd.js                                                     0.20 kB │ gzip:   0.17 kB
00:05:27 [vite] dist/_astro/square-chevron-right.BlovSCBg.js                                       0.20 kB │ gzip:   0.20 kB
00:05:27 [vite] dist/_astro/square-parking.DxmlUlU4.js                                             0.20 kB │ gzip:   0.20 kB
00:05:27 [vite] dist/_astro/square-x.CYiNeVLG.js                                                   0.20 kB │ gzip:   0.18 kB
00:05:27 [vite] dist/_astro/text-quote.7iUqvsNp.js                                                 0.20 kB │ gzip:   0.16 kB
00:05:27 [vite] dist/_astro/undo-dot.DU9Gr-p4.js                                                   0.20 kB │ gzip:   0.19 kB
00:05:27 [vite] dist/_astro/battery-low.BkaVlzK4.js                                                0.20 kB │ gzip:   0.18 kB
00:05:27 [vite] dist/_astro/bed.Bfd6vrrU.js                                                        0.20 kB │ gzip:   0.17 kB
00:05:27 [vite] dist/_astro/circle-arrow-up.BoiiqTZQ.js                                            0.20 kB │ gzip:   0.19 kB
00:05:27 [vite] dist/_astro/git-commit-vertical.DjfzyMto.js                                        0.20 kB │ gzip:   0.19 kB
00:05:27 [vite] dist/_astro/mic.DiFmptEV.js                                                        0.20 kB │ gzip:   0.19 kB
00:05:27 [vite] dist/_astro/undo-2.CSy9DN4p.js                                                     0.20 kB │ gzip:   0.17 kB
00:05:27 [vite] dist/_astro/arrow-up-from-dot.44QnIBE5.js                                          0.20 kB │ gzip:   0.19 kB
00:05:27 [vite] dist/_astro/heading-1.Dwp7POXu.js                                                  0.20 kB │ gzip:   0.16 kB
00:05:27 [vite] dist/_astro/list-minus.Bln2Nebc.js                                                 0.20 kB │ gzip:   0.16 kB
00:05:27 [vite] dist/_astro/percent.BwYXXMs3.js                                                    0.20 kB │ gzip:   0.18 kB
00:05:27 [vite] dist/_astro/square-activity.C3TfDVIJ.js                                            0.20 kB │ gzip:   0.20 kB
00:05:27 [vite] dist/_astro/square-equal.v5Mb8jiy.js                                               0.20 kB │ gzip:   0.18 kB
00:05:27 [vite] dist/_astro/turkish-lira.BamtWXsw.js                                               0.20 kB │ gzip:   0.18 kB
00:05:27 [vite] dist/_astro/arrow-down-from-line.CDy5jsRw.js                                       0.20 kB │ gzip:   0.18 kB
00:05:27 [vite] dist/_astro/arrow-down-to-dot.aFSAv__j.js                                          0.20 kB │ gzip:   0.19 kB
00:05:27 [vite] dist/_astro/arrow-left-from-line.BsmCgTjV.js                                       0.20 kB │ gzip:   0.18 kB
00:05:27 [vite] dist/_astro/arrow-right-to-line.DcurU9rp.js                                        0.20 kB │ gzip:   0.18 kB
00:05:27 [vite] dist/_astro/beaker.B3-PzNbh.js                                                     0.20 kB │ gzip:   0.17 kB
00:05:27 [vite] dist/_astro/circle-arrow-down.sIiH1Yxa.js                                          0.20 kB │ gzip:   0.19 kB
00:05:27 [vite] dist/_astro/flame.C8F_x9Km.js                                                      0.20 kB │ gzip:   0.19 kB
00:05:27 [vite] dist/_astro/pi.oNMYFXUS.js                                                         0.20 kB │ gzip:   0.19 kB
00:05:27 [vite] dist/_astro/slice.kFc1LZX-.js                                                      0.20 kB │ gzip:   0.18 kB
00:05:27 [vite] dist/_astro/triangle-right.BXNRM3jD.js                                             0.20 kB │ gzip:   0.19 kB
00:05:27 [vite] dist/_astro/circle-arrow-left.CgIx5e6W.js                                          0.20 kB │ gzip:   0.19 kB
00:05:27 [vite] dist/_astro/equal-not.BqHG5l1d.js                                                  0.20 kB │ gzip:   0.17 kB
00:05:27 [vite] dist/_astro/merge.D0GfCrL2.js                                                      0.20 kB │ gzip:   0.18 kB
00:05:27 [vite] dist/_astro/pill.rkJC_P_H.js                                                       0.20 kB │ gzip:   0.18 kB
00:05:27 [vite] dist/_astro/disc-album.C5YUxMBU.js                                                 0.20 kB │ gzip:   0.20 kB
00:05:27 [vite] dist/_astro/flag-triangle-left.Bdq4ALdw.js                                         0.20 kB │ gzip:   0.19 kB
00:05:27 [vite] dist/_astro/reply-all.TJWFkfGO.js                                                  0.20 kB │ gzip:   0.18 kB
00:05:27 [vite] dist/_astro/separator-vertical.4s8Isz1i.js                                         0.20 kB │ gzip:   0.18 kB
00:05:27 [vite] dist/_astro/stretch-vertical.CJ5C0BxX.js                                           0.20 kB │ gzip:   0.17 kB
00:05:27 [vite] dist/_astro/webcam.DW5Cwr06.js                                                     0.20 kB │ gzip:   0.17 kB
00:05:27 [vite] dist/_astro/demo-button-disabled.demo.B1aqoxmZ.js                                  0.20 kB │ gzip:   0.17 kB
00:05:27 [vite] dist/_astro/arrow-right-from-line.qy5a5-x0.js                                      0.21 kB │ gzip:   0.19 kB
00:05:27 [vite] dist/_astro/circle-arrow-right.BzqKHhWG.js                                         0.21 kB │ gzip:   0.19 kB
00:05:27 [vite] dist/_astro/flag-triangle-right.DU3HamAi.js                                        0.21 kB │ gzip:   0.19 kB
00:05:27 [vite] dist/_astro/panels-top-left.DoJCUCkJ.js                                            0.21 kB │ gzip:   0.19 kB
00:05:27 [vite] dist/_astro/rectangle-circle.D1NxCUB5.js                                           0.21 kB │ gzip:   0.19 kB
00:05:27 [vite] dist/_astro/signal-high.DtPeeaim.js                                                0.21 kB │ gzip:   0.17 kB
00:05:27 [vite] dist/_astro/demo-button-ghost.demo.DAx9m1MO.js                                     0.21 kB │ gzip:   0.18 kB
00:05:27 [vite] dist/_astro/briefcase.CaJWhIVS.js                                                  0.21 kB │ gzip:   0.19 kB
00:05:27 [vite] dist/_astro/ellipsis-vertical.BDhIT46i.js                                          0.21 kB │ gzip:   0.17 kB
00:05:27 [vite] dist/_astro/japanese-yen.DkdNfJs9.js                                               0.21 kB │ gzip:   0.18 kB
00:05:27 [vite] dist/_astro/list-check.CXy9CWQ4.js                                                 0.21 kB │ gzip:   0.17 kB
00:05:27 [vite] dist/_astro/maximize-2.Cl9330j0.js                                                 0.21 kB │ gzip:   0.17 kB
00:05:27 [vite] dist/_astro/share.QNvlmzaA.js                                                      0.21 kB │ gzip:   0.17 kB
00:05:27 [vite] dist/_astro/vote.C-86VOlb.js                                                       0.21 kB │ gzip:   0.18 kB
00:05:27 [vite] dist/_astro/zoom-out.gzrDuRRW.js                                                   0.21 kB │ gzip:   0.18 kB
00:05:27 [vite] dist/_astro/circle-pause.B4uZJXCu.js                                               0.21 kB │ gzip:   0.18 kB
00:05:27 [vite] dist/_astro/circle-power.hcVOJRe-.js                                               0.21 kB │ gzip:   0.19 kB
00:05:27 [vite] dist/_astro/dollar-sign.xBydg6TL.js                                                0.21 kB │ gzip:   0.19 kB
00:05:27 [vite] dist/_astro/gallery-vertical.BTpJFEZL.js                                           0.21 kB │ gzip:   0.19 kB
00:05:27 [vite] dist/_astro/line-squiggle.CFPEpYcO.js                                              0.21 kB │ gzip:   0.20 kB
00:05:27 [vite] dist/_astro/minimize-2.CkLAnobb.js                                                 0.21 kB │ gzip:   0.18 kB
00:05:27 [vite] dist/_astro/move-3d.BnPFLjOi.js                                                    0.21 kB │ gzip:   0.17 kB
00:05:27 [vite] dist/_astro/separator-horizontal.mnOa2_6X.js                                       0.21 kB │ gzip:   0.18 kB
00:05:27 [vite] dist/_astro/stretch-horizontal.aBfy2CF1.js                                         0.21 kB │ gzip:   0.18 kB
00:05:27 [vite] dist/_astro/upload.D9bJG9s9.js                                                     0.21 kB │ gzip:   0.18 kB
00:05:27 [vite] dist/_astro/banknote.BVG_TLnR.js                                                   0.21 kB │ gzip:   0.20 kB
00:05:27 [vite] dist/_astro/log-in.z5hJM-yY.js                                                     0.21 kB │ gzip:   0.18 kB
00:05:27 [vite] dist/_astro/log-out.CCyzKRbv.js                                                    0.21 kB │ gzip:   0.18 kB
00:05:27 [vite] dist/_astro/settings-2.XbwGW8vG.js                                                 0.21 kB │ gzip:   0.18 kB
00:05:27 [vite] dist/_astro/table.DlUCI6WX.js                                                      0.21 kB │ gzip:   0.18 kB
00:05:27 [vite] dist/_astro/demo-button-outline.demo.Bi5e3BDJ.js                                   0.21 kB │ gzip:   0.18 kB
00:05:27 [vite] dist/_astro/non-binary.Brc9eDWL.js                                                 0.21 kB │ gzip:   0.18 kB
00:05:27 [vite] dist/_astro/panel-top-open.DphM1Kx4.js                                             0.21 kB │ gzip:   0.19 kB
00:05:27 [vite] dist/_astro/square-code.D_rqtt3A.js                                                0.21 kB │ gzip:   0.19 kB
00:05:27 [vite] dist/_astro/bluetooth-off.Bi1bUb8W.js                                              0.21 kB │ gzip:   0.19 kB
00:05:27 [vite] dist/_astro/panel-left-open.PNnP2MYY.js                                            0.21 kB │ gzip:   0.20 kB
00:05:27 [vite] dist/_astro/panel-top-close.DXaBPUPF.js                                            0.21 kB │ gzip:   0.20 kB
00:05:27 [vite] dist/_astro/radical.DHj6j6s5.js                                                    0.21 kB │ gzip:   0.19 kB
00:05:27 [vite] dist/_astro/rainbow.CPXXIG_l.js                                                    0.21 kB │ gzip:   0.17 kB
00:05:27 [vite] dist/_astro/tent.oWrj-HUN.js                                                       0.21 kB │ gzip:   0.17 kB
00:05:27 [vite] dist/_astro/user-round-minus.DUzD_TIo.js                                           0.21 kB │ gzip:   0.20 kB
00:05:27 [vite] dist/_astro/chart-bar.C0P9vEoZ.js                                                  0.21 kB │ gzip:   0.17 kB
00:05:27 [vite] dist/_astro/circle-alert.06Qc-sIC.js                                               0.21 kB │ gzip:   0.18 kB
00:05:27 [vite] dist/_astro/download.DOF7B0wW.js                                                   0.21 kB │ gzip:   0.18 kB
00:05:27 [vite] dist/_astro/gallery-horizontal.BJxp7FWP.js                                         0.21 kB │ gzip:   0.20 kB
00:05:27 [vite] dist/_astro/link-2.CBaRqvOD.js                                                     0.21 kB │ gzip:   0.19 kB
00:05:27 [vite] dist/_astro/monitor.DuLARTFQ.js                                                    0.21 kB │ gzip:   0.19 kB
00:05:27 [vite] dist/_astro/music-4.Ctxezv3E.js                                                    0.21 kB │ gzip:   0.18 kB
00:05:27 [vite] dist/_astro/panels-left-bottom.CynyCFH6.js                                         0.21 kB │ gzip:   0.20 kB
00:05:27 [vite] dist/_astro/zodiac-pisces.B5sUPCcS.js                                              0.21 kB │ gzip:   0.18 kB
00:05:27 [vite] dist/_astro/calendar.BacNpxV_.js                                                   0.21 kB │ gzip:   0.19 kB
00:05:27 [vite] dist/_astro/clock-check.B-JAa_l-.js                                                0.21 kB │ gzip:   0.19 kB
00:05:27 [vite] dist/_astro/globe.oVmfCLWk.js                                                      0.21 kB │ gzip:   0.18 kB
00:05:27 [vite] dist/_astro/pc-case.C-8Vm2xW.js                                                    0.21 kB │ gzip:   0.18 kB
00:05:27 [vite] dist/_astro/square-arrow-up.BWIXeMQF.js                                            0.21 kB │ gzip:   0.20 kB
00:05:27 [vite] dist/_astro/wifi-high.CPm-NT5R.js                                                  0.21 kB │ gzip:   0.19 kB
00:05:27 [vite] dist/_astro/demo-button-secondary.demo.DsDoRu1R.js                                 0.21 kB │ gzip:   0.18 kB
00:05:27 [vite] dist/_astro/copy.CXceiOOx.js                                                       0.21 kB │ gzip:   0.20 kB
00:05:27 [vite] dist/_astro/panel-left-close.Byac6RJy.js                                           0.21 kB │ gzip:   0.20 kB
00:05:27 [vite] dist/_astro/proportions.DHyIUGVr.js                                                0.21 kB │ gzip:   0.20 kB
00:05:27 [vite] dist/_astro/redo-dot.DWUk--a8.js                                                   0.21 kB │ gzip:   0.19 kB
00:05:27 [vite] dist/_astro/brackets.C9zV6vbO.js                                                   0.22 kB │ gzip:   0.18 kB
00:05:27 [vite] dist/_astro/chart-spline.CuGQRlz6.js                                               0.22 kB │ gzip:   0.19 kB
00:05:27 [vite] dist/_astro/circle-gauge.CkF4EiYl.js                                               0.22 kB │ gzip:   0.20 kB
00:05:27 [vite] dist/_astro/database.C1wCj7Kl.js                                                   0.22 kB │ gzip:   0.19 kB
00:05:27 [vite] dist/_astro/door-closed.Ch6D2YTF.js                                                0.22 kB │ gzip:   0.18 kB
00:05:27 [vite] dist/_astro/grid-3x2.CNg0LHYS.js                                                   0.22 kB │ gzip:   0.18 kB
00:05:27 [vite] dist/_astro/lasso.DSz45NW6.js                                                      0.22 kB │ gzip:   0.20 kB
00:05:27 [vite] dist/_astro/mirror-rectangular.CFeQvHeH.js                                         0.22 kB │ gzip:   0.20 kB
00:05:27 [vite] dist/_astro/panel-right-close.DFAvWquc.js                                          0.22 kB │ gzip:   0.20 kB
00:05:27 [vite] dist/_astro/panel-right-open.BO07h2pN.js                                           0.22 kB │ gzip:   0.20 kB
00:05:27 [vite] dist/_astro/panels-right-bottom.vwmcOxRT.js                                        0.22 kB │ gzip:   0.20 kB
00:05:27 [vite] dist/_astro/rows-4.B9MQj08T.js                                                     0.22 kB │ gzip:   0.18 kB
00:05:27 [vite] dist/_astro/smartphone-charging.CdooWqOp.js                                        0.22 kB │ gzip:   0.21 kB
00:05:27 [vite] dist/_astro/square-arrow-down.DXEGIhng.js                                          0.22 kB │ gzip:   0.20 kB
00:05:27 [vite] dist/_astro/sword.By3WuM1-.js                                                      0.22 kB │ gzip:   0.18 kB
00:05:27 [vite] dist/_astro/vibrate.CBZN3l5z.js                                                    0.22 kB │ gzip:   0.19 kB
00:05:27 [vite] dist/_astro/app-window.CZV5OAw_.js                                                 0.22 kB │ gzip:   0.19 kB
00:05:27 [vite] dist/_astro/arrow-down-up.CqXZHdcW.js                                              0.22 kB │ gzip:   0.18 kB
00:05:27 [vite] dist/_astro/arrow-up-down.D9AW2M21.js                                              0.22 kB │ gzip:   0.18 kB
00:05:27 [vite] dist/_astro/barcode.DOcFu4pl.js                                                    0.22 kB │ gzip:   0.15 kB
00:05:27 [vite] dist/_astro/gallery-vertical-end.ouvkPeQM.js                                       0.22 kB │ gzip:   0.20 kB
00:05:27 [vite] dist/_astro/history.Cg43hii7.js                                                    0.22 kB │ gzip:   0.19 kB
00:05:27 [vite] dist/_astro/mars-stroke.BevQYdre.js                                                0.22 kB │ gzip:   0.19 kB
00:05:27 [vite] dist/_astro/panel-bottom-open.CtA8bdpc.js                                          0.22 kB │ gzip:   0.20 kB
00:05:27 [vite] dist/_astro/square-arrow-left.CUglNLxP.js                                          0.22 kB │ gzip:   0.20 kB
00:05:27 [vite] dist/_astro/user-round-check.pTz0N7VT.js                                           0.22 kB │ gzip:   0.21 kB
00:05:27 [vite] dist/_astro/anchor.cFa6Mp4T.js                                                     0.22 kB │ gzip:   0.19 kB
00:05:27 [vite] dist/_astro/chart-gantt.C39TU5pJ.js                                                0.22 kB │ gzip:   0.18 kB
00:05:27 [vite] dist/_astro/droplet.CEDzCRz_.js                                                    0.22 kB │ gzip:   0.20 kB
00:05:27 [vite] dist/_astro/search-alert.DC90rsHb.js                                               0.22 kB │ gzip:   0.19 kB
00:05:27 [vite] dist/_astro/search-x.Cs1yOnWP.js                                                   0.22 kB │ gzip:   0.19 kB
00:05:27 [vite] dist/_astro/square-terminal.DDpw7dZv.js                                            0.22 kB │ gzip:   0.20 kB
00:05:27 [vite] dist/_astro/tablets.ChZj2hc0.js                                                    0.22 kB │ gzip:   0.19 kB
00:05:27 [vite] dist/_astro/tornado.UvRcDhDA.js                                                    0.22 kB │ gzip:   0.17 kB
00:05:27 [vite] dist/_astro/demo-button-destructive.demo.NWoUS8BH.js                               0.22 kB │ gzip:   0.18 kB
00:05:27 [vite] dist/_astro/circle-percent.Dd7OlAw4.js                                             0.22 kB │ gzip:   0.19 kB
00:05:27 [vite] dist/_astro/highlighter.DNVGFsoU.js                                                0.22 kB │ gzip:   0.20 kB
00:05:27 [vite] dist/_astro/panel-bottom-close.CA7B6Mec.js                                         0.22 kB │ gzip:   0.20 kB
00:05:27 [vite] dist/_astro/presentation.Fjn1C47A.js                                               0.22 kB │ gzip:   0.19 kB
00:05:27 [vite] dist/_astro/sigma.93NcsfFm.js                                                      0.22 kB │ gzip:   0.19 kB
00:05:27 [vite] dist/_astro/signal.Dq3lhgAy.js                                                     0.22 kB │ gzip:   0.17 kB
00:05:27 [vite] dist/_astro/square-arrow-right.CrDUxozX.js                                         0.22 kB │ gzip:   0.20 kB
00:05:27 [vite] dist/_astro/tally-5.D9v4JHEU.js                                                    0.22 kB │ gzip:   0.16 kB
00:05:27 [vite] dist/_astro/philippine-peso.CzpU10VR.js                                            0.22 kB │ gzip:   0.18 kB
00:05:27 [vite] dist/_astro/airplay.DRlG1okQ.js                                                    0.22 kB │ gzip:   0.19 kB
00:05:27 [vite] dist/_astro/chart-no-axes-column-decreasing.B1sbmrM0.js                            0.22 kB │ gzip:   0.20 kB
00:05:27 [vite] dist/_astro/chart-no-axes-column-increasing.CJPODuf7.js                            0.22 kB │ gzip:   0.20 kB
00:05:27 [vite] dist/_astro/gallery-horizontal-end.DJXPIjeN.js                                     0.22 kB │ gzip:   0.21 kB
00:05:27 [vite] dist/_astro/moon.D1yTNjul.js                                                       0.22 kB │ gzip:   0.20 kB
00:05:27 [vite] dist/_astro/route.UBD5RyGh.js                                                      0.22 kB │ gzip:   0.19 kB
00:05:27 [vite] dist/_astro/square-arrow-up-left.B9yGZd__.js                                       0.22 kB │ gzip:   0.20 kB
00:05:27 [vite] dist/_astro/square-arrow-up-right.B5FDaCqN.js                                      0.22 kB │ gzip:   0.21 kB
00:05:27 [vite] dist/_astro/user-check.B_f2Kp0A.js                                                 0.22 kB │ gzip:   0.20 kB
00:05:27 [vite] dist/_astro/case-lower.CYAYiL6o.js                                                 0.22 kB │ gzip:   0.18 kB
00:05:27 [vite] dist/_astro/chart-column.CGoRKw9e.js                                               0.22 kB │ gzip:   0.18 kB
00:05:27 [vite] dist/_astro/cloud-check.DiE-q8jm.js                                                0.22 kB │ gzip:   0.20 kB
00:05:27 [vite] dist/_astro/cloud-lightning.D8a3la1a.js                                            0.22 kB │ gzip:   0.20 kB
00:05:27 [vite] dist/_astro/columns-4.B8yTbND9.js                                                  0.22 kB │ gzip:   0.19 kB
00:05:27 [vite] dist/_astro/dice-3.DGeE5QCR.js                                                     0.22 kB │ gzip:   0.19 kB
00:05:27 [vite] dist/_astro/list-plus.Dyu2VHYu.js                                                  0.22 kB │ gzip:   0.17 kB
00:05:27 [vite] dist/_astro/square-menu.qTZYP-k5.js                                                0.22 kB │ gzip:   0.19 kB
00:05:27 [vite] dist/_astro/square-pause.DajPrf0T.js                                               0.22 kB │ gzip:   0.19 kB
00:05:27 [vite] dist/_astro/square-power.BSO1_HRf.js                                               0.22 kB │ gzip:   0.20 kB
00:05:27 [vite] dist/_astro/table-2.5x5s-EhL.js                                                    0.22 kB │ gzip:   0.19 kB
00:05:27 [vite] dist/_astro/zodiac-leo.CI4wgmqs.js                                                 0.22 kB │ gzip:   0.21 kB
00:05:27 [vite] dist/_astro/archive.BCK3M-10.js                                                    0.22 kB │ gzip:   0.20 kB
00:05:27 [vite] dist/_astro/arrow-left-right.DaOVF627.js                                           0.22 kB │ gzip:   0.19 kB
00:05:27 [vite] dist/_astro/arrow-right-left.BCtFIzBS.js                                           0.22 kB │ gzip:   0.19 kB
00:05:27 [vite] dist/_astro/circle-arrow-out-up-left.BGDk5T4q.js                                   0.22 kB │ gzip:   0.20 kB
00:05:27 [vite] dist/_astro/circle-ellipsis.D8oXVtOp.js                                            0.22 kB │ gzip:   0.18 kB
00:05:27 [vite] dist/_astro/club.DShkANN1.js                                                       0.22 kB │ gzip:   0.19 kB
00:05:27 [vite] dist/_astro/ear.CqFlLuzL.js                                                        0.22 kB │ gzip:   0.19 kB
00:05:27 [vite] dist/_astro/laptop-minimal-check.BwX3MpbW.js                                       0.22 kB │ gzip:   0.21 kB
00:05:27 [vite] dist/_astro/speaker.7DsgxCQF.js                                                    0.22 kB │ gzip:   0.20 kB
00:05:27 [vite] dist/_astro/split.Cm8os-Hz.js                                                      0.22 kB │ gzip:   0.19 kB
00:05:27 [vite] dist/_astro/square-kanban.DBGvyRuP.js                                              0.22 kB │ gzip:   0.20 kB
00:05:27 [vite] dist/_astro/text-wrap.BYoj2XpN.js                                                  0.22 kB │ gzip:   0.18 kB
00:05:27 [vite] dist/_astro/wind.KIndnJjh.js                                                       0.22 kB │ gzip:   0.18 kB
00:05:27 [vite] dist/_astro/lock-keyhole.BEhrkKIj.js                                               0.22 kB │ gzip:   0.22 kB
00:05:27 [vite] dist/_astro/section.D7WFvFyt.js                                                    0.22 kB │ gzip:   0.18 kB
00:05:27 [vite] dist/_astro/cloud-fog.Cjzu7a_9.js                                                  0.22 kB │ gzip:   0.20 kB
00:05:27 [vite] dist/_astro/form.EK0zVxgQ.js                                                       0.22 kB │ gzip:   0.18 kB
00:05:27 [vite] dist/_astro/goal.BbgRm8XO.js                                                       0.22 kB │ gzip:   0.19 kB
00:05:27 [vite] dist/_astro/person-standing.BTEZfoHx.js                                            0.22 kB │ gzip:   0.20 kB
00:05:27 [vite] dist/_astro/square-arrow-down-left.DOHHzwpD.js                                     0.22 kB │ gzip:   0.21 kB
00:05:27 [vite] dist/_astro/square-arrow-down-right.Daw6hlA_.js                                    0.22 kB │ gzip:   0.21 kB
00:05:27 [vite] dist/_astro/strikethrough.UsO5Mdn8.js                                              0.22 kB │ gzip:   0.20 kB
00:05:27 [vite] dist/_astro/git-commit-horizontal.zVpT_CO3.js                                      0.23 kB │ gzip:   0.20 kB
00:05:27 [vite] dist/_astro/list-x.eb87mCmZ.js                                                     0.23 kB │ gzip:   0.17 kB
00:05:27 [vite] dist/_astro/meh.ovBB568-.js                                                        0.23 kB │ gzip:   0.18 kB
00:05:27 [vite] dist/_astro/mouse-left.BAHVRMEZ.js                                                 0.23 kB │ gzip:   0.21 kB
00:05:27 [vite] dist/_astro/user-minus.D13ZczzO.js                                                 0.23 kB │ gzip:   0.21 kB
00:05:27 [vite] dist/_astro/workflow.FkJgzag2.js                                                   0.23 kB │ gzip:   0.19 kB
00:05:27 [vite] dist/_astro/zodiac-ophiuchus.Be3Ts-1B.js                                           0.23 kB │ gzip:   0.19 kB
00:05:27 [vite] dist/_astro/hash.CvyO2mW-.js                                                       0.23 kB │ gzip:   0.17 kB
00:05:27 [vite] dist/_astro/heading-2.BuF3ONWs.js                                                  0.23 kB │ gzip:   0.18 kB
00:05:27 [vite] dist/_astro/lollipop.CdCdnR8e.js                                                   0.23 kB │ gzip:   0.20 kB
00:05:27 [vite] dist/_astro/pound-sterling.CEUCqFOY.js                                             0.23 kB │ gzip:   0.18 kB
00:05:27 [vite] dist/_astro/circle-arrow-out-up-right.BkPKZSM0.js                                  0.23 kB │ gzip:   0.20 kB
00:05:27 [vite] dist/_astro/frame.Do6jk92R.js                                                      0.23 kB │ gzip:   0.17 kB
00:05:27 [vite] dist/_astro/georgian-lari.4w2cnEUs.js                                              0.23 kB │ gzip:   0.19 kB
00:05:27 [vite] dist/_astro/hdmi-port.C_5ZnlbL.js                                                  0.23 kB │ gzip:   0.19 kB
00:05:27 [vite] dist/_astro/list-indent-decrease.D2rFSNJJ.js                                       0.23 kB │ gzip:   0.18 kB
00:05:27 [vite] dist/_astro/list-indent-increase.BEbwXb2i.js                                       0.23 kB │ gzip:   0.18 kB
00:05:27 [vite] dist/_astro/transition.proto.BXF_FTf6.js                                           0.23 kB │ gzip:   0.19 kB
00:05:27 [vite] dist/_astro/image.CSJ9e93O.js                                                      0.23 kB │ gzip:   0.21 kB
00:05:27 [vite] dist/_astro/list-music.ZYlXxlm-.js                                                 0.23 kB │ gzip:   0.18 kB
00:05:27 [vite] dist/_astro/radio-receiver.DNX8yA61.js                                             0.23 kB │ gzip:   0.20 kB
00:05:27 [vite] dist/_astro/align-vertical-space-around.BOAVv5sL.js                                0.23 kB │ gzip:   0.21 kB
00:05:27 [vite] dist/_astro/mouse-right.CGrc86ag.js                                                0.23 kB │ gzip:   0.21 kB
00:05:27 [vite] dist/_astro/square-library.DbRtUDkL.js                                             0.23 kB │ gzip:   0.20 kB
00:05:27 [vite] dist/_astro/square-user-round.D7AwESsl.js                                          0.23 kB │ gzip:   0.22 kB
00:05:27 [vite] dist/_astro/trash.BtCXGgT7.js                                                      0.23 kB │ gzip:   0.18 kB
00:05:27 [vite] dist/_astro/user-round-x.COyA5TKp.js                                               0.23 kB │ gzip:   0.20 kB
00:05:27 [vite] dist/_astro/video.D0Gq6T-B.js                                                      0.23 kB │ gzip:   0.21 kB
00:05:27 [vite] dist/_astro/align-end-vertical.DQ8eVVKH.js                                         0.23 kB │ gzip:   0.20 kB
00:05:27 [vite] dist/_astro/app-window-mac.Rhg914p-.js                                             0.23 kB │ gzip:   0.19 kB
00:05:27 [vite] dist/_astro/battery-medium.EsWwiTAu.js                                             0.23 kB │ gzip:   0.19 kB
00:05:27 [vite] dist/_astro/circle-arrow-out-down-left.8ubGxM7N.js                                 0.23 kB │ gzip:   0.20 kB
00:05:27 [vite] dist/_astro/circle-user-round.CalKAHUl.js                                          0.23 kB │ gzip:   0.20 kB
00:05:27 [vite] dist/_astro/monitor-check.Bftu_C5q.js                                              0.23 kB │ gzip:   0.21 kB
00:05:27 [vite] dist/_astro/test-tube.DdddUxxP.js                                                  0.23 kB │ gzip:   0.19 kB
00:05:27 [vite] dist/_astro/users-round.qGDMS7Q4.js                                                0.23 kB │ gzip:   0.21 kB
00:05:27 [vite] dist/_astro/wallet-minimal.MlK9JzKV.js                                             0.23 kB │ gzip:   0.19 kB
00:05:27 [vite] dist/_astro/circle-off.WFDu872M.js                                                 0.23 kB │ gzip:   0.19 kB
00:05:27 [vite] dist/_astro/circle-user.cbtGKHCI.js                                                0.23 kB │ gzip:   0.20 kB
00:05:27 [vite] dist/_astro/clock-alert.B6gdm_ES.js                                                0.23 kB │ gzip:   0.19 kB
00:05:27 [vite] dist/_astro/cloud-alert.DZkW4V_7.js                                                0.23 kB │ gzip:   0.20 kB
00:05:27 [vite] dist/_astro/square-check-big.D_K0U_aG.js                                           0.23 kB │ gzip:   0.20 kB
00:05:27 [vite] dist/_astro/square-percent.C61_vmZ2.js                                             0.23 kB │ gzip:   0.20 kB
00:05:27 [vite] dist/_astro/square-pi.Cp-Jm5ha.js                                                  0.23 kB │ gzip:   0.20 kB
00:05:27 [vite] dist/_astro/table-properties.CVwQ5YeC.js                                           0.23 kB │ gzip:   0.20 kB
00:05:27 [vite] dist/_astro/audio-waveform.DpWxxLaj.js                                             0.23 kB │ gzip:   0.18 kB
00:05:27 [vite] dist/_astro/bike.Be6CffEq.js                                                       0.23 kB │ gzip:   0.19 kB
00:05:27 [vite] dist/_astro/book-minus.RNcq4dML.js                                                 0.23 kB │ gzip:   0.20 kB
00:05:27 [vite] dist/_astro/circle-dollar-sign.CDa3P5mN.js                                         0.23 kB │ gzip:   0.21 kB
00:05:27 [vite] dist/_astro/cloudy.B-Hb55k8.js                                                     0.23 kB │ gzip:   0.20 kB
00:05:27 [vite] dist/_astro/fishing-rod.B38_gCpQ.js                                                0.23 kB │ gzip:   0.21 kB
00:05:27 [vite] dist/_astro/folder.B8O0CaXt.js                                                     0.23 kB │ gzip:   0.19 kB
00:05:27 [vite] dist/_astro/list-filter-plus.CkIDRwPB.js                                           0.23 kB │ gzip:   0.18 kB
00:05:27 [vite] dist/_astro/plug-2.DuZx5Sd3.js                                                     0.23 kB │ gzip:   0.18 kB
00:05:27 [vite] dist/_astro/scale-3d.BZmdifK1.js                                                   0.23 kB │ gzip:   0.19 kB
00:05:27 [vite] dist/_astro/skip-back.C6CvEiCz.js                                                  0.23 kB │ gzip:   0.21 kB
00:05:27 [vite] dist/_astro/user-round-plus.D_6Kz9pG.js                                            0.23 kB │ gzip:   0.20 kB
00:05:27 [vite] dist/_astro/align-horizontal-space-around.D19FDn4M.js                              0.23 kB │ gzip:   0.22 kB
00:05:27 [vite] dist/_astro/align-start-vertical.Dch8446X.js                                       0.23 kB │ gzip:   0.20 kB
00:05:27 [vite] dist/_astro/axis-3d.DwgTP7PC.js                                                    0.23 kB │ gzip:   0.19 kB
00:05:27 [vite] dist/_astro/bluetooth-connected.DnkUcNGv.js                                        0.23 kB │ gzip:   0.21 kB
00:05:27 [vite] dist/_astro/computer.Cqmud6Rb.js                                                   0.23 kB │ gzip:   0.19 kB
00:05:27 [vite] dist/_astro/globe-x.DV_1TRR4.js                                                    0.23 kB │ gzip:   0.19 kB
00:05:27 [vite] dist/_astro/key.BJfxBHba.js                                                        0.23 kB │ gzip:   0.20 kB
00:05:27 [vite] dist/_astro/mountain-snow.BqH2-l0r.js                                              0.23 kB │ gzip:   0.22 kB
00:05:27 [vite] dist/_astro/omega.BWVHufLl.js                                                      0.23 kB │ gzip:   0.20 kB
00:05:27 [vite] dist/_astro/square-chart-gantt.oWG7h6cV.js                                         0.23 kB │ gzip:   0.20 kB
00:05:27 [vite] dist/_astro/square-round-corner.DPNZY90Y.js                                        0.23 kB │ gzip:   0.20 kB
00:05:27 [vite] dist/_astro/step-back.CY-Xch38.js                                                  0.23 kB │ gzip:   0.21 kB
00:05:27 [vite] dist/_astro/table-cells-split.2qGsEob6.js                                          0.23 kB │ gzip:   0.20 kB
00:05:27 [vite] dist/_astro/align-end-horizontal.Kd8uMcCZ.js                                       0.23 kB │ gzip:   0.20 kB
00:05:27 [vite] dist/_astro/ampersand.BTw-FV7O.js                                                  0.23 kB │ gzip:   0.20 kB
00:05:27 [vite] dist/_astro/chart-bar-decreasing.BQ2sU-zx.js                                       0.23 kB │ gzip:   0.19 kB
00:05:27 [vite] dist/_astro/chart-bar-increasing.DXjSxwQv.js                                       0.23 kB │ gzip:   0.19 kB
00:05:27 [vite] dist/_astro/circle-question-mark.xK9dy2AP.js                                       0.23 kB │ gzip:   0.22 kB
00:05:27 [vite] dist/_astro/donut.QfN6pMtz.js                                                      0.23 kB │ gzip:   0.21 kB
00:05:27 [vite] dist/_astro/list-checks.DfZ3coEf.js                                                0.23 kB │ gzip:   0.17 kB
00:05:27 [vite] dist/_astro/smile.L0agOuth.js                                                      0.23 kB │ gzip:   0.20 kB
00:05:27 [vite] dist/_astro/circle-arrow-out-down-right.kaSB_elD.js                                0.24 kB │ gzip:   0.20 kB
00:05:27 [vite] dist/_astro/cloud-upload.CJf6zebd.js                                               0.24 kB │ gzip:   0.20 kB
00:05:27 [vite] dist/_astro/git-branch-minus.CGC_LnhH.js                                           0.24 kB │ gzip:   0.20 kB
00:05:27 [vite] dist/_astro/lock-keyhole-open.CecpAOoF.js                                          0.24 kB │ gzip:   0.22 kB
00:05:27 [vite] dist/_astro/popsicle.Kg5FtpNW.js                                                   0.24 kB │ gzip:   0.21 kB
00:05:27 [vite] dist/_astro/search-code.cPen0ATc.js                                                0.24 kB │ gzip:   0.20 kB
00:05:27 [vite] dist/_astro/square-asterisk.HJcqr4gU.js                                            0.24 kB │ gzip:   0.20 kB
00:05:27 [vite] dist/_astro/zodiac-libra.BSLPR2sh.js                                               0.24 kB │ gzip:   0.22 kB
00:05:27 [vite] dist/_astro/bluetooth-searching.Dmoizbjk.js                                        0.24 kB │ gzip:   0.21 kB
00:05:27 [vite] dist/_astro/bookmark.CeGTfk0z.js                                                   0.24 kB │ gzip:   0.20 kB
00:05:27 [vite] dist/_astro/chart-bar-big.DFM9glff.js                                              0.24 kB │ gzip:   0.20 kB
00:05:27 [vite] dist/_astro/euro.B1WnZ5lm.js                                                       0.24 kB │ gzip:   0.20 kB
00:05:27 [vite] dist/_astro/external-link.C9SJ_0I3.js                                              0.24 kB │ gzip:   0.19 kB
00:05:27 [vite] dist/_astro/frown.ECbm-Rcu.js                                                      0.24 kB │ gzip:   0.20 kB
00:05:27 [vite] dist/_astro/heading-4.B35RyiwQ.js                                                  0.24 kB │ gzip:   0.18 kB
00:05:27 [vite] dist/_astro/lens-concave.D-mr5Ezp.js                                               0.24 kB │ gzip:   0.19 kB
00:05:27 [vite] dist/_astro/list.Bq-DBsxf.js                                                       0.24 kB │ gzip:   0.15 kB
00:05:27 [vite] dist/_astro/pen.RVdKy-B8.js                                                        0.24 kB │ gzip:   0.20 kB
00:05:27 [vite] dist/_astro/repeat.Da26QAOI.js                                                     0.24 kB │ gzip:   0.19 kB
00:05:27 [vite] dist/_astro/skip-forward.C4nu2IZs.js                                               0.24 kB │ gzip:   0.20 kB
00:05:27 [vite] dist/_astro/square-user.DmVEh2FN.js                                                0.24 kB │ gzip:   0.22 kB
00:05:27 [vite] dist/_astro/step-forward.DG5AuAdV.js                                               0.24 kB │ gzip:   0.20 kB
00:05:27 [vite] dist/_astro/text-search.BhNlO-Pn.js                                                0.24 kB │ gzip:   0.19 kB
00:05:27 [vite] dist/_astro/user-search.ksTu9g8j.js                                                0.24 kB │ gzip:   0.20 kB
00:05:27 [vite] dist/_astro/align-start-horizontal.CO1e1nR1.js                                     0.24 kB │ gzip:   0.20 kB
00:05:27 [vite] dist/_astro/grid-3x3.CevqWLd2.js                                                   0.24 kB │ gzip:   0.19 kB
00:05:27 [vite] dist/_astro/hexagon.B5nlVWVs.js                                                    0.24 kB │ gzip:   0.19 kB
00:05:27 [vite] dist/_astro/ligature.BHcmCl4x.js                                                   0.24 kB │ gzip:   0.18 kB
00:05:27 [vite] dist/_astro/zoom-in.CO7ZsFZ0.js                                                    0.24 kB │ gzip:   0.19 kB
00:05:27 [vite] dist/_astro/compass.DOjiGg4d.js                                                    0.24 kB │ gzip:   0.20 kB
00:05:27 [vite] dist/_astro/equal-approximately.c1L9eZN2.js                                        0.24 kB │ gzip:   0.18 kB
00:05:27 [vite] dist/_astro/heading-6.BapKut7s.js                                                  0.24 kB │ gzip:   0.19 kB
00:05:27 [vite] dist/_astro/book-check.aPu3rxG_.js                                                 0.24 kB │ gzip:   0.20 kB
00:05:27 [vite] dist/_astro/clipboard.CID-s2I9.js                                                  0.24 kB │ gzip:   0.21 kB
00:05:27 [vite] dist/_astro/closed-caption.BQFApNo_.js                                             0.24 kB │ gzip:   0.20 kB
00:05:27 [vite] dist/_astro/eye.-Frhyl9L.js                                                        0.24 kB │ gzip:   0.20 kB
00:05:27 [vite] dist/_astro/ghost.UnDlmpef.js                                                      0.24 kB │ gzip:   0.19 kB
00:05:27 [vite] dist/_astro/repeat-2.CS4JABJW.js                                                   0.24 kB │ gzip:   0.19 kB
00:05:27 [vite] dist/_astro/timer-reset.h-Hqq4db.js                                                0.24 kB │ gzip:   0.20 kB
00:05:27 [vite] dist/_astro/trending-up-down.9hWeaWnM.js                                           0.24 kB │ gzip:   0.20 kB
00:05:27 [vite] dist/_astro/vegan.DXM53eU2.js                                                      0.24 kB │ gzip:   0.21 kB
00:05:27 [vite] dist/_astro/as-trigger.CLhQ9h8_.js                                                 0.24 kB │ gzip:   0.21 kB
00:05:27 [vite] dist/_astro/activity.Cl9Y_jRV.js                                                   0.24 kB │ gzip:   0.20 kB
00:05:27 [vite] dist/_astro/between-vertical-end.BOQRwEVt.js                                       0.24 kB │ gzip:   0.20 kB
00:05:27 [vite] dist/_astro/disc-3.CVqah8wd.js                                                     0.24 kB │ gzip:   0.20 kB
00:05:27 [vite] dist/_astro/import.rjYdEJ8v.js                                                     0.24 kB │ gzip:   0.19 kB
00:05:27 [vite] dist/_astro/monitor-stop.c8zct2LO.js                                               0.24 kB │ gzip:   0.20 kB
00:05:27 [vite] dist/_astro/navigation-off.DtGz6nt7.js                                             0.24 kB │ gzip:   0.22 kB
00:05:27 [vite] dist/_astro/paperclip.DgdtUzPI.js                                                  0.24 kB │ gzip:   0.20 kB
00:05:27 [vite] dist/_astro/signpost-big.1zntENzU.js                                               0.24 kB │ gzip:   0.20 kB
00:05:27 [vite] dist/_astro/zodiac-capricorn.BQ85OMOh.js                                           0.24 kB │ gzip:   0.21 kB
00:05:27 [vite] dist/_astro/clock-plus.BPMm4rOz.js                                                 0.24 kB │ gzip:   0.20 kB
00:05:27 [vite] dist/_astro/list-end.C3UwhXBW.js                                                   0.24 kB │ gzip:   0.18 kB
00:05:27 [vite] dist/_astro/rectangle-ellipsis.Db3Joamm.js                                         0.24 kB │ gzip:   0.20 kB
00:05:27 [vite] dist/_astro/shell.Dyd0pOxn.js                                                      0.24 kB │ gzip:   0.19 kB
00:05:27 [vite] dist/_astro/square-m.DSugW1ur.js                                                   0.24 kB │ gzip:   0.22 kB
00:05:27 [vite] dist/_astro/tangent.s2X8Lsvf.js                                                    0.24 kB │ gzip:   0.20 kB
00:05:27 [vite] dist/_astro/calendar-1.bwXlkWs_.js                                                 0.24 kB │ gzip:   0.20 kB
00:05:27 [vite] dist/_astro/chart-column-big.CmGqwI8t.js                                           0.24 kB │ gzip:   0.21 kB
00:05:27 [vite] dist/_astro/coins.Ca5cmesn.js                                                      0.24 kB │ gzip:   0.21 kB
00:05:27 [vite] dist/_astro/git-compare.7y25N9eB.js                                                0.24 kB │ gzip:   0.20 kB
00:05:27 [vite] dist/_astro/line-style.CNnmS2x8.js                                                 0.24 kB │ gzip:   0.17 kB
00:05:27 [vite] dist/_astro/list-collapse.IPIgwxEK.js                                              0.24 kB │ gzip:   0.17 kB
00:05:27 [vite] dist/_astro/utensils.DEnCoQhj.js                                                   0.24 kB │ gzip:   0.20 kB
00:05:27 [vite] dist/_astro/variable.BFgsrNfA.js                                                   0.24 kB │ gzip:   0.20 kB
00:05:27 [vite] dist/_astro/wifi.DBtchHll.js                                                       0.24 kB │ gzip:   0.19 kB
00:05:27 [vite] dist/_astro/bed-single.RSEoLJ9t.js                                                 0.24 kB │ gzip:   0.19 kB
00:05:27 [vite] dist/_astro/chart-column-decreasing.DlhrXoxM.js                                    0.24 kB │ gzip:   0.20 kB
00:05:27 [vite] dist/_astro/chart-column-increasing.CmznrTvT.js                                    0.24 kB │ gzip:   0.20 kB
00:05:27 [vite] dist/_astro/circle-divide.DdRgOcyP.js                                              0.24 kB │ gzip:   0.19 kB
00:05:27 [vite] dist/_astro/circle-pound-sterling.Rjz9PVJY.js                                      0.24 kB │ gzip:   0.21 kB
00:05:27 [vite] dist/_astro/layout-template.BKX2P4c0.js                                            0.24 kB │ gzip:   0.18 kB
00:05:27 [vite] dist/_astro/list-todo.Y8xLMzLv.js                                                  0.24 kB │ gzip:   0.19 kB
00:05:27 [vite] dist/_astro/navigation-2-off.CLDSLkRa.js                                           0.24 kB │ gzip:   0.21 kB
00:05:27 [vite] dist/_astro/picture-in-picture-2.BPzd-bUG.js                                       0.24 kB │ gzip:   0.21 kB
00:05:27 [vite] dist/_astro/radius.D4uR6m33.js                                                     0.24 kB │ gzip:   0.20 kB
00:05:27 [vite] dist/_astro/refrigerator.BbjYS6cM.js                                               0.24 kB │ gzip:   0.19 kB
00:05:27 [vite] dist/_astro/text-cursor.vcCF6C1z.js                                                0.24 kB │ gzip:   0.19 kB
00:05:27 [vite] dist/_astro/as-accessible.DpJEITGz.js                                              0.24 kB │ gzip:   0.21 kB
00:05:27 [vite] dist/_astro/between-vertical-start.CGGMFu1q.js                                     0.24 kB │ gzip:   0.21 kB
00:05:27 [vite] dist/_astro/book-marked.Di7fzM9o.js                                                0.24 kB │ gzip:   0.21 kB
00:05:27 [vite] dist/_astro/dice-4.C-jU_EQQ.js                                                     0.24 kB │ gzip:   0.19 kB
00:05:27 [vite] dist/_astro/git-pull-request.Dvi4uX_5.js                                           0.24 kB │ gzip:   0.22 kB
00:05:27 [vite] dist/_astro/list-start.Bx850t1s.js                                                 0.24 kB │ gzip:   0.19 kB
00:05:27 [vite] dist/_astro/mirror-round.CXLH15Il.js                                               0.24 kB │ gzip:   0.20 kB
00:05:27 [vite] dist/_astro/turntable.BrUsjBXU.js                                                  0.24 kB │ gzip:   0.22 kB
00:05:27 [vite] dist/_astro/between-horizontal-end.C3eo58iW.js                                     0.25 kB │ gzip:   0.21 kB
00:05:27 [vite] dist/_astro/headphones.BUAlqamV.js                                                 0.25 kB │ gzip:   0.19 kB
00:05:27 [vite] dist/_astro/layout-panel-top.CYf4FXQ4.js                                           0.25 kB │ gzip:   0.18 kB
00:05:27 [vite] dist/_astro/message-square.TqCJR_d4.js                                             0.25 kB │ gzip:   0.21 kB
00:05:27 [vite] dist/_astro/venus-and-mars.Bc_sx4pf.js                                             0.25 kB │ gzip:   0.20 kB
00:05:27 [vite] dist/_astro/wine.7PIIyccq.js                                                       0.25 kB │ gzip:   0.19 kB
00:05:27 [vite] dist/_astro/a-arrow-up.CdL3p1Zm.js                                                 0.25 kB │ gzip:   0.21 kB
00:05:27 [vite] dist/_astro/audio-lines.CQhCRKV7.js                                                0.25 kB │ gzip:   0.18 kB
00:05:27 [vite] dist/_astro/decimals-arrow-left.Bev50oCU.js                                        0.25 kB │ gzip:   0.22 kB
00:05:27 [vite] dist/_astro/link.C1OoIway.js                                                       0.25 kB │ gzip:   0.19 kB
00:05:27 [vite] dist/_astro/link-2-off.BBpZiXfW.js                                                 0.25 kB │ gzip:   0.20 kB
00:05:27 [vite] dist/_astro/map-pin.CHwxCwEZ.js                                                    0.25 kB │ gzip:   0.22 kB
00:05:27 [vite] dist/_astro/power-off.Bcnqh_Dj.js                                                  0.25 kB │ gzip:   0.20 kB
00:05:27 [vite] dist/_astro/remove-formatting.BTU8OqP1.js                                          0.25 kB │ gzip:   0.19 kB
00:05:27 [vite] dist/_astro/weight.BafK2L-f.js                                                     0.25 kB │ gzip:   0.22 kB
00:05:27 [vite] dist/_astro/align-vertical-justify-end.D-85QaAZ.js                                 0.25 kB │ gzip:   0.22 kB
00:05:27 [vite] dist/_astro/battery-full.D3HWkI7O.js                                               0.25 kB │ gzip:   0.20 kB
00:05:27 [vite] dist/_astro/between-horizontal-start.CQhupunE.js                                   0.25 kB │ gzip:   0.21 kB
00:05:27 [vite] dist/_astro/circle-play.n_s9acPj.js                                                0.25 kB │ gzip:   0.21 kB
00:05:27 [vite] dist/_astro/cloud-download.BkIP4yju.js                                             0.25 kB │ gzip:   0.21 kB
00:05:27 [vite] dist/_astro/indian-rupee.BagQthr8.js                                               0.25 kB │ gzip:   0.19 kB
00:05:27 [vite] dist/_astro/layout-panel-left.BD5Y8F3y.js                                          0.25 kB │ gzip:   0.18 kB
00:05:27 [vite] dist/_astro/monitor-up.BhqIXaQe.js                                                 0.25 kB │ gzip:   0.20 kB
00:05:27 [vite] dist/_astro/shared.DFmF0M0Y.js                                                     0.25 kB │ gzip:   0.20 kB
00:05:27 [vite] dist/_astro/arrow-up-narrow-wide.CzqbrbXN.js                                       0.25 kB │ gzip:   0.19 kB
00:05:27 [vite] dist/_astro/arrow-up-wide-narrow.B30fqgER.js                                       0.25 kB │ gzip:   0.19 kB
00:05:27 [vite] dist/_astro/blocks.BYGX4ila.js                                                     0.25 kB │ gzip:   0.21 kB
00:05:27 [vite] dist/_astro/cloud-rain.CveQfTIB.js                                                 0.25 kB │ gzip:   0.20 kB
00:05:27 [vite] dist/_astro/monitor-pause.CMdZwDWV.js                                              0.25 kB │ gzip:   0.20 kB
00:05:27 [vite] dist/_astro/plug.6lpSRjzN.js                                                       0.25 kB │ gzip:   0.18 kB
00:05:27 [vite] dist/_astro/videotape.CjjDqZT_.js                                                  0.25 kB │ gzip:   0.20 kB
00:05:27 [vite] dist/_astro/bomb.7JZE2ZIg.js                                                       0.25 kB │ gzip:   0.21 kB
00:05:27 [vite] dist/_astro/diamond.CaEBkAri.js                                                    0.25 kB │ gzip:   0.18 kB
00:05:27 [vite] dist/_astro/laugh.Xl08BLFi.js                                                      0.25 kB │ gzip:   0.21 kB
00:05:27 [vite] dist/_astro/list-tree.Ck2olhfH.js                                                  0.25 kB │ gzip:   0.18 kB
00:05:27 [vite] dist/_astro/panel-top-dashed.CvyYHAKL.js                                           0.25 kB │ gzip:   0.20 kB
00:05:27 [vite] dist/_astro/pilcrow-left.Ct_J2yLP.js                                               0.25 kB │ gzip:   0.19 kB
00:05:27 [vite] dist/_astro/square-function.C4U6jty3.js                                            0.25 kB │ gzip:   0.23 kB
00:05:27 [vite] dist/_astro/user-round-search.BU0Pe_xm.js                                          0.25 kB │ gzip:   0.22 kB
00:05:27 [vite] dist/_astro/user-x.BVHyYRsa.js                                                     0.25 kB │ gzip:   0.21 kB
00:05:27 [vite] dist/_astro/zodiac-gemini.BKkxiFag.js                                              0.25 kB │ gzip:   0.19 kB
00:05:27 [vite] dist/_astro/a-arrow-down.BErZxUuT.js                                               0.25 kB │ gzip:   0.21 kB
00:05:27 [vite] dist/_astro/align-vertical-justify-start.Ckq_GM8O.js                               0.25 kB │ gzip:   0.22 kB
00:05:27 [vite] dist/_astro/arrows-up-from-line.D9KaufET.js                                        0.25 kB │ gzip:   0.19 kB
00:05:27 [vite] dist/_astro/balloon.CF1J0BvX.js                                                    0.25 kB │ gzip:   0.19 kB
00:05:27 [vite] dist/_astro/bubbles.DHpKHtjr.js                                                    0.25 kB │ gzip:   0.20 kB
00:05:27 [vite] dist/_astro/grid-2x2-check.BcgfYM9D.js                                             0.25 kB │ gzip:   0.20 kB
00:05:27 [vite] dist/_astro/align-horizontal-justify-end.u7a7F0U0.js                               0.25 kB │ gzip:   0.22 kB
00:05:27 [vite] dist/_astro/antenna.DWUcDe02.js                                                    0.25 kB │ gzip:   0.17 kB
00:05:27 [vite] dist/_astro/arrow-down-narrow-wide.wkHKlHAZ.js                                     0.25 kB │ gzip:   0.19 kB
00:05:27 [vite] dist/_astro/arrow-down-wide-narrow.BvlXKe2H.js                                     0.25 kB │ gzip:   0.19 kB
00:05:27 [vite] dist/_astro/book-text.B0lJyvzi.js                                                  0.25 kB │ gzip:   0.20 kB
00:05:27 [vite] dist/_astro/bot.DVpoFl4l.js                                                        0.25 kB │ gzip:   0.19 kB
00:05:27 [vite] dist/_astro/monitor-x.C9nHTMdP.js                                                  0.25 kB │ gzip:   0.21 kB
00:05:27 [vite] dist/_astro/panel-left-dashed.Dx67U0WC.js                                          0.25 kB │ gzip:   0.20 kB
00:05:27 [vite] dist/_astro/pilcrow-right.BaKCY7EO.js                                              0.25 kB │ gzip:   0.20 kB
00:05:27 [vite] dist/_astro/pyramid.UkSQhrL8.js                                                    0.25 kB │ gzip:   0.21 kB
00:05:27 [vite] dist/_astro/scaling.CBejh0qz.js                                                    0.25 kB │ gzip:   0.19 kB
00:05:27 [vite] dist/_astro/scan.Cpa0nstD.js                                                       0.25 kB │ gzip:   0.18 kB
00:05:27 [vite] dist/_astro/scissors.Ck5iXeyB.js                                                   0.25 kB │ gzip:   0.19 kB
00:05:27 [vite] dist/_astro/square-pilcrow.7D8xDVZ3.js                                             0.25 kB │ gzip:   0.21 kB
00:05:27 [vite] dist/_astro/ticket-minus.DestI4sL.js                                               0.25 kB │ gzip:   0.20 kB
00:05:27 [vite] dist/_astro/triangle-alert.Cy7QGVbS.js                                             0.25 kB │ gzip:   0.21 kB
00:05:27 [vite] dist/_astro/book-plus.-8waUQmP.js                                                  0.25 kB │ gzip:   0.20 kB
00:05:27 [vite] dist/_astro/calendar-minus-2.DJ8_5xcw.js                                           0.25 kB │ gzip:   0.21 kB
00:05:27 [vite] dist/_astro/clock-arrow-down.DrGB45a1.js                                           0.25 kB │ gzip:   0.21 kB
00:05:27 [vite] dist/_astro/monitor-down.BEHUT1uy.js                                               0.25 kB │ gzip:   0.21 kB
00:05:27 [vite] dist/_astro/align-vertical-justify-center.DLy2Cumf.js                              0.25 kB │ gzip:   0.22 kB
00:05:27 [vite] dist/_astro/arrow-up-0-1.BFU9VT_T.js                                               0.25 kB │ gzip:   0.21 kB
00:05:27 [vite] dist/_astro/arrow-up-1-0.BebirUOf.js                                               0.25 kB │ gzip:   0.21 kB
00:05:27 [vite] dist/_astro/book-x.BEQ6amfj.js                                                     0.25 kB │ gzip:   0.20 kB
00:05:27 [vite] dist/_astro/calendar-check.CUJXxfWo.js                                             0.25 kB │ gzip:   0.21 kB
00:05:27 [vite] dist/_astro/clock-arrow-up.Bz0Rnzvt.js                                             0.25 kB │ gzip:   0.21 kB
00:05:27 [vite] dist/_astro/list-chevrons-down-up.BqNb4tuG.js                                      0.25 kB │ gzip:   0.19 kB
00:05:27 [vite] dist/_astro/list-chevrons-up-down.DjWlyGmN.js                                      0.25 kB │ gzip:   0.19 kB
00:05:27 [vite] dist/_astro/message-circle.wuN0Q1Oy.js                                             0.25 kB │ gzip:   0.22 kB
00:05:27 [vite] dist/_astro/test-tube-diagonal.aHmwAa_L.js                                         0.25 kB │ gzip:   0.21 kB
00:05:27 [vite] dist/_astro/align-horizontal-justify-start.D4LXAdEY.js                             0.25 kB │ gzip:   0.22 kB
00:05:27 [vite] dist/_astro/handbag.DHbaKzrF.js                                                    0.25 kB │ gzip:   0.21 kB
00:05:27 [vite] dist/_astro/move.3C6b2XcH.js                                                       0.25 kB │ gzip:   0.18 kB
00:05:27 [vite] dist/_astro/umbrella.CtaJX91b.js                                                   0.25 kB │ gzip:   0.20 kB
00:05:27 [vite] dist/_astro/wind-arrow-down.DKLaAlYt.js                                            0.25 kB │ gzip:   0.20 kB
00:05:27 [vite] dist/_astro/archive-x.C993YCkw.js                                                  0.26 kB │ gzip:   0.21 kB
00:05:27 [vite] dist/_astro/book-up.CcDLtp8l.js                                                    0.26 kB │ gzip:   0.21 kB
00:05:27 [vite] dist/_astro/copy-check.DZzNklx-.js                                                 0.26 kB │ gzip:   0.23 kB
00:05:27 [vite] dist/_astro/ice-cream-cone.CJejkAHW.js                                             0.26 kB │ gzip:   0.20 kB
00:05:27 [vite] dist/_astro/languages.DrhDI0Jk.js                                                  0.26 kB │ gzip:   0.19 kB
00:05:27 [vite] dist/_astro/leaf.CxZuqIIU.js                                                       0.26 kB │ gzip:   0.22 kB
00:05:27 [vite] dist/_astro/square-arrow-out-up-left.BLmxJMYz.js                                   0.26 kB │ gzip:   0.21 kB
00:05:27 [vite] dist/_astro/book-a.D6xrHFRb.js                                                     0.26 kB │ gzip:   0.21 kB
00:05:27 [vite] dist/_astro/flag.BDc_zqwZ.js                                                       0.26 kB │ gzip:   0.21 kB
00:05:27 [vite] dist/_astro/microwave.B-WVWCZK.js                                                  0.26 kB │ gzip:   0.20 kB
00:05:27 [vite] dist/_astro/pentagon.CRG8vVVR.js                                                   0.26 kB │ gzip:   0.20 kB
00:05:27 [vite] dist/_astro/table-cells-merge.D4aLHN-i.js                                          0.26 kB │ gzip:   0.20 kB
00:05:27 [vite] dist/_astro/user-plus.BNkGnZoC.js                                                  0.26 kB │ gzip:   0.22 kB
00:05:27 [vite] dist/_astro/align-horizontal-justify-center.DtnWu1Vz.js                            0.26 kB │ gzip:   0.23 kB
00:05:27 [vite] dist/_astro/book-alert.Bt-zSpcs.js                                                 0.26 kB │ gzip:   0.21 kB
00:05:27 [vite] dist/_astro/gallery-thumbnails.msUzllko.js                                         0.26 kB │ gzip:   0.20 kB
00:05:27 [vite] dist/_astro/notebook.cxaLUsxh.js                                                   0.26 kB │ gzip:   0.19 kB
00:05:27 [vite] dist/_astro/panel-right-dashed.DC5QQ1YI.js                                         0.26 kB │ gzip:   0.20 kB
00:05:27 [vite] dist/_astro/satellite-dish.DFz2L_g5.js                                             0.26 kB │ gzip:   0.20 kB
00:05:27 [vite] dist/_astro/ticket-check.DfvHk0v6.js                                               0.26 kB │ gzip:   0.20 kB
00:05:27 [vite] dist/_astro/ticket-slash.DVvGux3u.js                                               0.26 kB │ gzip:   0.20 kB
00:05:27 [vite] dist/_astro/arrow-down-0-1.BOK8TQ_p.js                                             0.26 kB │ gzip:   0.21 kB
00:05:27 [vite] dist/_astro/arrow-down-1-0.DQXbB8pe.js                                             0.26 kB │ gzip:   0.21 kB
00:05:27 [vite] dist/_astro/case-sensitive._6kRqeuz.js                                             0.26 kB │ gzip:   0.22 kB
00:05:27 [vite] dist/_astro/id-card.B0Yc8l4w.js                                                    0.26 kB │ gzip:   0.22 kB
00:05:27 [vite] dist/_astro/monitor-cloud.CSDs9CqU.js                                              0.26 kB │ gzip:   0.22 kB
00:05:27 [vite] dist/_astro/rotate-cw-square.CfnYenVc.js                                           0.26 kB │ gzip:   0.20 kB
00:05:27 [vite] dist/_astro/square-arrow-out-up-right.Ci3Fizm2.js                                  0.26 kB │ gzip:   0.22 kB
00:05:27 [vite] dist/_astro/square-dashed-bottom.CFXtoCil.js                                       0.26 kB │ gzip:   0.20 kB
00:05:27 [vite] dist/_astro/toy-brick.HwoW1A42.js                                                  0.26 kB │ gzip:   0.21 kB
00:05:27 [vite] dist/_astro/award.B-EEqBcD.js                                                      0.26 kB │ gzip:   0.22 kB
00:05:27 [vite] dist/_astro/book-down.DqcDw519.js                                                  0.26 kB │ gzip:   0.21 kB
00:05:27 [vite] dist/_astro/git-merge-conflict.DpgYCKnF.js                                         0.26 kB │ gzip:   0.21 kB
00:05:27 [vite] dist/_astro/inspection-panel.DUgztlYG.js                                           0.26 kB │ gzip:   0.20 kB
00:05:27 [vite] dist/_astro/maximize.DmNXRILB.js                                                   0.26 kB │ gzip:   0.19 kB
00:05:27 [vite] dist/_astro/minimize.Cakod9BC.js                                                   0.26 kB │ gzip:   0.19 kB
00:05:27 [vite] dist/_astro/panel-bottom-dashed.BiQAbEAL.js                                        0.26 kB │ gzip:   0.20 kB
00:05:27 [vite] dist/_astro/copy-minus.BlKc1Vcu.js                                                 0.26 kB │ gzip:   0.24 kB
00:05:27 [vite] dist/_astro/copy-slash.Dc7aMAV1.js                                                 0.26 kB │ gzip:   0.23 kB
00:05:27 [vite] dist/_astro/file.e1b2uUz2.js                                                       0.26 kB │ gzip:   0.21 kB
00:05:27 [vite] dist/_astro/funnel.Rje13Uw_.js                                                     0.26 kB │ gzip:   0.21 kB
00:05:27 [vite] dist/_astro/lens-convex.DW1YbzUN.js                                                0.26 kB │ gzip:   0.20 kB
00:05:27 [vite] dist/_astro/mail-minus.CvNmt2m0.js                                                 0.26 kB │ gzip:   0.21 kB
00:05:27 [vite] dist/_astro/square-play.Y7DP67vV.js                                                0.26 kB │ gzip:   0.23 kB
00:05:27 [vite] dist/_astro/arrow-up-a-z.BgoZHyo3.js                                               0.26 kB │ gzip:   0.20 kB
00:05:27 [vite] dist/_astro/bolt.0AhfcE2q.js                                                       0.26 kB │ gzip:   0.21 kB
00:05:27 [vite] dist/_astro/currency.DW4m7lLz.js                                                   0.26 kB │ gzip:   0.18 kB
00:05:27 [vite] dist/_astro/heart.D4zHX2f0.js                                                      0.26 kB │ gzip:   0.22 kB
00:05:27 [vite] dist/_astro/lamp-floor.bE421vix.js                                                 0.26 kB │ gzip:   0.21 kB
00:05:27 [vite] dist/_astro/locate.gEb9uMHs.js                                                     0.26 kB │ gzip:   0.19 kB
00:05:27 [vite] dist/_astro/rotate-ccw-square.D-RyOhbJ.js                                          0.26 kB │ gzip:   0.21 kB
00:05:27 [vite] dist/_astro/scroll.CgBt-Am1.js                                                     0.26 kB │ gzip:   0.20 kB
00:05:27 [vite] dist/_astro/square-arrow-out-down-left.l1mSnF3L.js                                 0.26 kB │ gzip:   0.22 kB
00:05:27 [vite] dist/_astro/square-divide.DMB4JMzM.js                                              0.26 kB │ gzip:   0.21 kB
00:05:27 [vite] dist/_astro/tablet-smartphone.Bvf-IlCP.js                                          0.26 kB │ gzip:   0.23 kB
00:05:27 [vite] dist/_astro/user-lock.C0w19MPJ.js                                                  0.26 kB │ gzip:   0.23 kB
00:05:27 [vite] dist/_astro/user-round-key.lMxo2yrD.js                                             0.26 kB │ gzip:   0.21 kB
00:05:27 [vite] dist/_astro/arrow-up-z-a.CfK1jU9x.js                                               0.26 kB │ gzip:   0.21 kB
00:05:27 [vite] dist/_astro/pill-bottle.BzkwNZQy.js                                                0.26 kB │ gzip:   0.22 kB
00:05:27 [vite] dist/_astro/server.CKt4YxFK.js                                                     0.26 kB │ gzip:   0.19 kB
00:05:27 [vite] dist/_astro/tree-deciduous.D0l0An6z.js                                             0.26 kB │ gzip:   0.22 kB
00:05:27 [vite] dist/_astro/grid-2x2-x.CiBeX5cq.js                                                 0.26 kB │ gzip:   0.20 kB
00:05:27 [vite] dist/_astro/monitor-dot.D-xckPoW.js                                                0.26 kB │ gzip:   0.21 kB
00:05:27 [vite] dist/_astro/zap.-ovVIjAv.js                                                        0.26 kB │ gzip:   0.21 kB
00:05:27 [vite] dist/_astro/zodiac-cancer.CY_WbSSr.js                                              0.26 kB │ gzip:   0.21 kB
00:05:27 [vite] dist/_astro/blinds.Di6u24yD.js                                                     0.26 kB │ gzip:   0.19 kB
00:05:27 [vite] dist/_astro/git-fork.D7mKtfo6.js                                                   0.26 kB │ gzip:   0.21 kB
00:05:27 [vite] dist/_astro/git-pull-request-draft.C0QJClnu.js                                     0.26 kB │ gzip:   0.23 kB
00:05:27 [vite] dist/_astro/hard-drive-upload.-q8K3Wpm.js                                          0.26 kB │ gzip:   0.22 kB
00:05:27 [vite] dist/_astro/mouse-pointer-2.BLiku5qN.js                                            0.26 kB │ gzip:   0.23 kB
00:05:27 [vite] dist/_astro/squares-unite.BKXDso5c.js                                              0.26 kB │ gzip:   0.20 kB
00:05:27 [vite] dist/_astro/users.DQqxHer_.js                                                      0.26 kB │ gzip:   0.20 kB
00:05:27 [vite] dist/_astro/shared.CaPFaTV4.js                                                     0.27 kB │ gzip:   0.20 kB
00:05:27 [vite] dist/_astro/bed-double.DKqllp6g.js                                                 0.27 kB │ gzip:   0.19 kB
00:05:27 [vite] dist/_astro/cloud-rain-wind.gItS35Ur.js                                            0.27 kB │ gzip:   0.21 kB
00:05:27 [vite] dist/_astro/fishing-hook.DgtIrBVJ.js                                               0.27 kB │ gzip:   0.23 kB
00:05:27 [vite] dist/_astro/gavel.BT2nmyYj.js                                                      0.27 kB │ gzip:   0.20 kB
00:05:27 [vite] dist/_astro/repeat-1.DJ2EPHhz.js                                                   0.27 kB │ gzip:   0.20 kB
00:05:27 [vite] dist/_astro/shopping-cart.D0V7rVJ4.js                                              0.27 kB │ gzip:   0.23 kB
00:05:27 [vite] dist/_astro/shrub.DXS70pn6.js                                                      0.27 kB │ gzip:   0.21 kB
00:05:27 [vite] dist/_astro/table-of-contents.DzX8FxGB.js                                          0.27 kB │ gzip:   0.18 kB
00:05:27 [vite] dist/_astro/text-initial.BPArxRXp.js                                               0.27 kB │ gzip:   0.20 kB
00:05:27 [vite] dist/_astro/user-key.DIkk4jfx.js                                                   0.27 kB │ gzip:   0.21 kB
00:05:27 [vite] dist/_astro/whole-word.0hYXWp7p.js                                                 0.27 kB │ gzip:   0.22 kB
00:05:27 [vite] dist/_astro/arrow-down-a-z.CHyQ-9IN.js                                             0.27 kB │ gzip:   0.21 kB
00:05:27 [vite] dist/_astro/grid-2x2-plus.C_c-pCpZ.js                                              0.27 kB │ gzip:   0.20 kB
00:05:27 [vite] dist/_astro/joystick.DMLKhKzO.js                                                   0.27 kB │ gzip:   0.21 kB
00:05:27 [vite] dist/_astro/mail-check.DM66HUoI.js                                                 0.27 kB │ gzip:   0.22 kB
00:05:27 [vite] dist/_astro/map-pin-minus-inside.CzOPVPv9.js                                       0.27 kB │ gzip:   0.23 kB
00:05:27 [vite] dist/_astro/square-arrow-out-down-right.CPaBz3kr.js                                0.27 kB │ gzip:   0.22 kB
00:05:27 [vite] dist/_astro/arrow-down-z-a.B-GmaeLY.js                                             0.27 kB │ gzip:   0.21 kB
00:05:27 [vite] dist/_astro/calendar-x.BzCwTZpZ.js                                                 0.27 kB │ gzip:   0.21 kB
00:05:27 [vite] dist/_astro/lightbulb.GEmXZpZQ.js                                                  0.27 kB │ gzip:   0.22 kB
00:05:27 [vite] dist/_astro/square-split-vertical.DBIY6TY0.js                                      0.27 kB │ gzip:   0.24 kB
00:05:27 [vite] dist/_astro/chart-pie.DwplIcHI.js                                                  0.27 kB │ gzip:   0.22 kB
00:05:27 [vite] dist/_astro/coffee.B4PmhYM1.js                                                     0.27 kB │ gzip:   0.19 kB
00:05:27 [vite] dist/_astro/contact-round.BvZd0tov.js                                              0.27 kB │ gzip:   0.23 kB
00:05:27 [vite] dist/_astro/crosshair.CDbZJQ1T.js                                                  0.27 kB │ gzip:   0.19 kB
00:05:27 [vite] dist/_astro/folder-minus.VLIuvbXr.js                                               0.27 kB │ gzip:   0.21 kB
00:05:27 [vite] dist/_astro/git-pull-request-create.CJ1lN_UL.js                                    0.27 kB │ gzip:   0.22 kB
00:05:27 [vite] dist/_astro/hard-drive-download.DhnPYSQk.js                                        0.27 kB │ gzip:   0.22 kB
00:05:27 [vite] dist/_astro/paint-roller.CyPXa68j.js                                               0.27 kB │ gzip:   0.22 kB
00:05:27 [vite] dist/_astro/pencil.BOERSVx4.js                                                     0.27 kB │ gzip:   0.23 kB
00:05:27 [vite] dist/_astro/shrink.h-Ges10c.js                                                     0.27 kB │ gzip:   0.21 kB
00:05:27 [vite] dist/_astro/angry.DFzDDzph.js                                                      0.27 kB │ gzip:   0.20 kB
00:05:27 [vite] dist/_astro/dice-5.NuTKIJKJ.js                                                     0.27 kB │ gzip:   0.19 kB
00:05:27 [vite] dist/_astro/git-graph.Kzeh53El.js                                                  0.27 kB │ gzip:   0.20 kB
00:05:27 [vite] dist/_astro/rocking-chair.TGK_pQ7k.js                                              0.27 kB │ gzip:   0.21 kB
00:05:27 [vite] dist/_astro/towel-rack.E-L2IjH7.js                                                 0.27 kB │ gzip:   0.21 kB
00:05:27 [vite] dist/_astro/book-user.CnrP-JUc.js                                                  0.27 kB │ gzip:   0.23 kB
00:05:27 [vite] dist/_astro/egg-off.BMxgFGY-.js                                                    0.27 kB │ gzip:   0.23 kB
00:05:27 [vite] dist/_astro/tickets.BsPxkvbB.js                                                    0.27 kB │ gzip:   0.22 kB
00:05:27 [vite] dist/_astro/badge.BzzeGtqF.js                                                      0.27 kB │ gzip:   0.19 kB
00:05:27 [vite] dist/_astro/braces.xkerbeqn.js                                                     0.27 kB │ gzip:   0.20 kB
00:05:27 [vite] dist/_astro/contact.BElUVKCE.js                                                    0.27 kB │ gzip:   0.22 kB
00:05:27 [vite] dist/_astro/folder-closed.BpFdWaF6.js                                              0.27 kB │ gzip:   0.21 kB
00:05:27 [vite] dist/_astro/mails.D0_0xW_K.js                                                      0.27 kB │ gzip:   0.23 kB
00:05:27 [vite] dist/_astro/pen-line.HFwe0fn_.js                                                   0.27 kB │ gzip:   0.23 kB
00:05:27 [vite] dist/_astro/send-to-back.BjqmjEfy.js                                               0.27 kB │ gzip:   0.21 kB
00:05:27 [vite] dist/_astro/square-split-horizontal.Bb7dqq1D.js                                    0.27 kB │ gzip:   0.24 kB
00:05:27 [vite] dist/_astro/ticket-plus.9F6ewcF_.js                                                0.27 kB │ gzip:   0.20 kB
00:05:27 [vite] dist/_astro/cast.Bfe62Z0y.js                                                       0.27 kB │ gzip:   0.21 kB
00:05:27 [vite] dist/_astro/flip-horizontal-2.CbKmrGAd.js                                          0.27 kB │ gzip:   0.19 kB
00:05:27 [vite] dist/_astro/house.CkvTX88p.js                                                      0.27 kB │ gzip:   0.21 kB
00:05:27 [vite] dist/_astro/map-pin-check-inside.BgB3ikaJ.js                                       0.27 kB │ gzip:   0.23 kB
00:05:27 [vite] dist/_astro/mouse-off.BehfkWAR.js                                                  0.27 kB │ gzip:   0.21 kB
00:05:27 [vite] dist/_astro/utility-pole.BoOpEOAu.js                                               0.27 kB │ gzip:   0.18 kB
00:05:27 [vite] dist/_astro/wallpaper.CEAAShwz.js                                                  0.27 kB │ gzip:   0.23 kB
00:05:27 [vite] dist/_astro/align-vertical-space-between.B721juau.js                               0.27 kB │ gzip:   0.22 kB
00:05:27 [vite] dist/_astro/bookmark-minus.M0qFyotH.js                                             0.27 kB │ gzip:   0.23 kB
00:05:27 [vite] dist/_astro/calendar-plus-2.CZzeD00u.js                                            0.27 kB │ gzip:   0.21 kB
00:05:27 [vite] dist/_astro/clipboard-minus.D9hFwaFQ.js                                            0.27 kB │ gzip:   0.23 kB
00:05:27 [vite] dist/_astro/message-square-dot.C8E6kbLj.js                                         0.27 kB │ gzip:   0.24 kB
00:05:27 [vite] dist/_astro/regex.Cl8DP4eP.js                                                      0.27 kB │ gzip:   0.20 kB
00:05:27 [vite] dist/_astro/rewind.BnUWv-FQ.js                                                     0.27 kB │ gzip:   0.18 kB
00:05:27 [vite] dist/_astro/chevrons-left-right-ellipsis.NDYrK_3G.js                               0.27 kB │ gzip:   0.21 kB
00:05:27 [vite] dist/_astro/eraser.cBZd8GMA.js                                                     0.27 kB │ gzip:   0.22 kB
00:05:27 [vite] dist/_astro/folder-check.CRO3ZAL4.js                                               0.27 kB │ gzip:   0.22 kB
00:05:27 [vite] dist/_astro/folder-dot.DrtPQbAZ.js                                                 0.27 kB │ gzip:   0.23 kB
00:05:27 [vite] dist/_astro/rectangle-goggles.BNLiS9qx.js                                          0.27 kB │ gzip:   0.21 kB
00:05:27 [vite] dist/_astro/share-2.rOZDO4wO.js                                                    0.27 kB │ gzip:   0.20 kB
00:05:27 [vite] dist/_astro/sheet.BbBsf3bY.js                                                      0.27 kB │ gzip:   0.20 kB
00:05:27 [vite] dist/_astro/alarm-clock.CakC-JzY.js                                                0.28 kB │ gzip:   0.22 kB
00:05:27 [vite] dist/_astro/book-audio.BpNCXnhg.js                                                 0.28 kB │ gzip:   0.21 kB
00:05:27 [vite] dist/_astro/book-open.BFnlOQ6o.js                                                  0.28 kB │ gzip:   0.21 kB
00:05:27 [vite] dist/_astro/flip-vertical-2.mScLdmvh.js                                            0.28 kB │ gzip:   0.19 kB
00:05:27 [vite] dist/_astro/git-pull-request-arrow.DAkW0n9b.js                                     0.28 kB │ gzip:   0.23 kB
00:05:27 [vite] dist/_astro/hard-hat.DC0uTs4A.js                                                   0.28 kB │ gzip:   0.22 kB
00:05:27 [vite] dist/_astro/layout-grid.NfRdgwUf.js                                                0.28 kB │ gzip:   0.17 kB
00:05:27 [vite] dist/_astro/align-vertical-distribute-end.DduIMJ9S.js                              0.28 kB │ gzip:   0.22 kB
00:05:27 [vite] dist/_astro/binary.C8_JgXoe.js                                                     0.28 kB │ gzip:   0.19 kB
00:05:27 [vite] dist/_astro/circle-pile.CmB5-bau.js                                                0.28 kB │ gzip:   0.17 kB
00:05:27 [vite] dist/_astro/moon-star.CBGT8Bj-.js                                                  0.28 kB │ gzip:   0.23 kB
00:05:27 [vite] dist/_astro/road.mm8beIIA.js                                                       0.28 kB │ gzip:   0.20 kB
00:05:27 [vite] dist/_astro/rotate-ccw-key.BV8chevg.js                                             0.28 kB │ gzip:   0.22 kB
00:05:27 [vite] dist/_astro/shield.Cg9GK_00.js                                                     0.28 kB │ gzip:   0.23 kB
00:05:27 [vite] dist/_astro/ticket-x.CW3lHvTF.js                                                   0.28 kB │ gzip:   0.20 kB
00:05:27 [vite] dist/_astro/align-horizontal-space-between.BYYcVDvu.js                             0.28 kB │ gzip:   0.23 kB
00:05:27 [vite] dist/_astro/drumstick.B8VPRxpi.js                                                  0.28 kB │ gzip:   0.23 kB
00:05:27 [vite] dist/_astro/eye-closed.Cz27zch6.js                                                 0.28 kB │ gzip:   0.20 kB
00:05:27 [vite] dist/_astro/inbox.BXTi5OU6.js                                                      0.28 kB │ gzip:   0.23 kB
00:05:27 [vite] dist/_astro/square-arrow-right-enter.DbmidTiz.js                                   0.28 kB │ gzip:   0.22 kB
00:05:27 [vite] dist/_astro/sticky-note.DDvPbe4K.js                                                0.28 kB │ gzip:   0.21 kB
00:05:27 [vite] dist/_astro/bookmark-check.DxUXhH3I.js                                             0.28 kB │ gzip:   0.23 kB
00:05:27 [vite] dist/_astro/grip-vertical.cBGv1Xgr.js                                              0.28 kB │ gzip:   0.17 kB
00:05:27 [vite] dist/_astro/wallet.CAO1JtvM.js                                                     0.28 kB │ gzip:   0.20 kB
00:05:27 [vite] dist/_astro/align-vertical-distribute-start.BQKU1VrY.js                            0.28 kB │ gzip:   0.22 kB
00:05:27 [vite] dist/_astro/bath.YDbVhVDM.js                                                       0.28 kB │ gzip:   0.20 kB
00:05:27 [vite] dist/_astro/book-type.BnCuMKai.js                                                  0.28 kB │ gzip:   0.22 kB
00:05:27 [vite] dist/_astro/clipboard-check.FterxX22.js                                            0.28 kB │ gzip:   0.23 kB
00:05:27 [vite] dist/_astro/feather.Dpc3R--A.js                                                    0.28 kB │ gzip:   0.23 kB
00:05:27 [vite] dist/_astro/heading-5.CixNFeRv.js                                                  0.28 kB │ gzip:   0.21 kB
00:05:27 [vite] dist/_astro/mail-x.hBOkefP6.js                                                     0.28 kB │ gzip:   0.22 kB
00:05:27 [vite] dist/_astro/screen-share.BaxZG88W.js                                               0.28 kB │ gzip:   0.20 kB
00:05:27 [vite] dist/_astro/shapes.DOQbc6Fj.js                                                     0.28 kB │ gzip:   0.24 kB
00:05:27 [vite] dist/_astro/trash-2.C-x6RHuw.js                                                    0.28 kB │ gzip:   0.19 kB
00:05:27 [vite] dist/_astro/align-horizontal-distribute-end.pD4ghCpb.js                            0.28 kB │ gzip:   0.23 kB
00:05:27 [vite] dist/_astro/bell.D2gjBP-9.js                                                       0.28 kB │ gzip:   0.23 kB
00:05:27 [vite] dist/_astro/calendar-minus.CIfnIScy.js                                             0.28 kB │ gzip:   0.20 kB
00:05:27 [vite] dist/_astro/flag-off.DlvALtPv.js                                                   0.28 kB │ gzip:   0.23 kB
00:05:27 [vite] dist/_astro/send.D5hCaGsW.js                                                       0.28 kB │ gzip:   0.23 kB
00:05:27 [vite] dist/_astro/train-track.V_E1s8b-.js                                                0.28 kB │ gzip:   0.18 kB
00:05:27 [vite] dist/_astro/cloud-off.DAKcENbw.js                                                  0.28 kB │ gzip:   0.22 kB
00:05:27 [vite] dist/_astro/delete.CsRS3dm3.js                                                     0.28 kB │ gzip:   0.21 kB
00:05:27 [vite] dist/_astro/focus.C_Gglbt8.js                                                      0.28 kB │ gzip:   0.20 kB
00:05:27 [vite] dist/_astro/mail-plus.Cny1FAA3.js                                                  0.28 kB │ gzip:   0.22 kB
00:05:27 [vite] dist/_astro/scale.7cA8zjDC.js                                                      0.28 kB │ gzip:   0.20 kB
00:05:27 [vite] dist/_astro/book-search.CtZtcfWw.js                                                0.28 kB │ gzip:   0.23 kB
00:05:27 [vite] dist/_astro/concierge-bell.D0EJ0Idq.js                                             0.28 kB │ gzip:   0.21 kB
00:05:27 [vite] dist/_astro/fuel.DOnqjfq-.js                                                       0.28 kB │ gzip:   0.20 kB
00:05:27 [vite] dist/_astro/glass-water.BFjFm1jw.js                                                0.28 kB │ gzip:   0.23 kB
00:05:27 [vite] dist/_astro/gpu.Rm5xJL3Y.js                                                        0.28 kB │ gzip:   0.20 kB
00:05:27 [vite] dist/_astro/grip-horizontal.pWo4BXny.js                                            0.28 kB │ gzip:   0.18 kB
00:05:27 [vite] dist/_astro/layout-list.Dm6R7jOc.js                                                0.28 kB │ gzip:   0.19 kB
00:05:27 [vite] dist/_astro/video-off.DTFhDzRj.js                                                  0.28 kB │ gzip:   0.22 kB
00:05:27 [vite] dist/_astro/volume.mp1CMnmg.js                                                     0.28 kB │ gzip:   0.22 kB
00:05:27 [vite] dist/_astro/alarm-clock-minus.BhW1THpd.js                                          0.28 kB │ gzip:   0.23 kB
00:05:27 [vite] dist/_astro/align-horizontal-distribute-start.HkzrIYg9.js                          0.28 kB │ gzip:   0.23 kB
00:05:27 [vite] dist/_astro/fast-forward.Cfpj-NQR.js                                               0.28 kB │ gzip:   0.19 kB
00:05:27 [vite] dist/_astro/saudi-riyal.DmcBLBQZ.js                                                0.28 kB │ gzip:   0.22 kB
00:05:27 [vite] dist/_astro/subscript.Bl6al9No.js                                                  0.28 kB │ gzip:   0.23 kB
00:05:27 [vite] dist/_astro/diamond-minus.CPLMUSWR.js                                              0.28 kB │ gzip:   0.21 kB
00:05:27 [vite] dist/_astro/gamepad.BHtURV87.js                                                    0.28 kB │ gzip:   0.21 kB
00:05:27 [vite] dist/_astro/mail-open.CD-uT4Qj.js                                                  0.28 kB │ gzip:   0.23 kB
00:05:27 [vite] dist/_astro/scan-line.DtyDeu4_.js                                                  0.28 kB │ gzip:   0.19 kB
00:05:27 [vite] dist/_astro/zodiac-scorpio.vyGBnlV8.js                                             0.28 kB │ gzip:   0.22 kB
00:05:27 [vite] dist/_astro/book-key.DPQrvjUe.js                                                   0.29 kB │ gzip:   0.22 kB
00:05:27 [vite] dist/_astro/box.CpnekMI6.js                                                        0.29 kB │ gzip:   0.21 kB
00:05:27 [vite] dist/_astro/git-pull-request-closed.B6tAsh2t.js                                    0.29 kB │ gzip:   0.23 kB
00:05:27 [vite] dist/_astro/layout-dashboard.Be1jgiyF.js                                           0.29 kB │ gzip:   0.19 kB
00:05:27 [vite] dist/_astro/message-square-check.DKaEaBAb.js                                       0.29 kB │ gzip:   0.23 kB
00:05:27 [vite] dist/_astro/scooter.D-5O7VNT.js                                                    0.29 kB │ gzip:   0.23 kB
00:05:27 [vite] dist/_astro/square-arrow-right-exit.mp4KW5zy.js                                    0.29 kB │ gzip:   0.23 kB
00:05:27 [vite] dist/_astro/ticket.BawQ2rwO.js                                                     0.29 kB │ gzip:   0.20 kB
00:05:27 [vite] dist/_astro/brush.BgQoTGYR.js                                                      0.29 kB │ gzip:   0.23 kB
00:05:27 [vite] dist/_astro/copy-x.CeY4kbj5.js                                                     0.29 kB │ gzip:   0.23 kB
00:05:27 [vite] dist/_astro/egg-fried.vJs5L1og.js                                                  0.29 kB │ gzip:   0.24 kB
00:05:27 [vite] dist/_astro/flame-kindling.BrNiHQmH.js                                             0.29 kB │ gzip:   0.23 kB
00:05:27 [vite] dist/_astro/map-pin-plus-inside.rh2pahGS.js                                        0.29 kB │ gzip:   0.23 kB
00:05:27 [vite] dist/_astro/notepad-text.B5Ikg8H_.js                                               0.29 kB │ gzip:   0.20 kB
00:05:27 [vite] dist/_astro/orbit.rmhPgozy.js                                                      0.29 kB │ gzip:   0.22 kB
00:05:27 [vite] dist/_astro/send-horizontal.DGgVNUIz.js                                            0.29 kB │ gzip:   0.24 kB
00:05:27 [vite] dist/_astro/cup-soda.BpeJx_5-.js                                                   0.29 kB │ gzip:   0.21 kB
00:05:27 [vite] dist/_astro/flask-conical.BMpeCaqM.js                                              0.29 kB │ gzip:   0.23 kB
00:05:27 [vite] dist/_astro/folder-clock.C6ziCbgb.js                                               0.29 kB │ gzip:   0.23 kB
00:05:27 [vite] dist/_astro/heading-3.EdrSmywm.js                                                  0.29 kB │ gzip:   0.20 kB
00:05:27 [vite] dist/_astro/list-video.D8mycxkM.js                                                 0.29 kB │ gzip:   0.21 kB
00:05:27 [vite] dist/_astro/screen-share-off.Dcwv_VsP.js                                           0.29 kB │ gzip:   0.21 kB
00:05:27 [vite] dist/_astro/sprout.BiNrE0fm.js                                                     0.29 kB │ gzip:   0.21 kB
00:05:27 [vite] dist/_astro/bookmark-off.LFj7AUQp.js                                               0.29 kB │ gzip:   0.23 kB
00:05:27 [vite] dist/_astro/calendar-check-2.BXiYUZkO.js                                           0.29 kB │ gzip:   0.21 kB
00:05:27 [vite] dist/_astro/circuit-board.C8wgO3ae.js                                              0.29 kB │ gzip:   0.23 kB
00:05:27 [vite] dist/_astro/database-zap.DsPTVwKz.js                                               0.29 kB │ gzip:   0.23 kB
00:05:27 [vite] dist/_astro/lamp-ceiling.CPoV1vM6.js                                               0.29 kB │ gzip:   0.23 kB
00:05:27 [vite] dist/_astro/printer.Ckbpx84q.js                                                    0.29 kB │ gzip:   0.23 kB
00:05:27 [vite] dist/_astro/as-focus-roving.D39lqxd0.js                                            0.29 kB │ gzip:   0.23 kB
00:05:27 [vite] dist/_astro/alarm-clock-check.7s197AEt.js                                          0.29 kB │ gzip:   0.23 kB
00:05:27 [vite] dist/_astro/archive-restore.avjQFF0Z.js                                            0.29 kB │ gzip:   0.23 kB
00:05:27 [vite] dist/_astro/case-upper.Dxf8ICye.js                                                 0.29 kB │ gzip:   0.22 kB
00:05:27 [vite] dist/_astro/chart-bar-stacked.CX8wUTxd.js                                          0.29 kB │ gzip:   0.22 kB
00:05:27 [vite] dist/_astro/folder-plus.D9ReCQ0M.js                                                0.29 kB │ gzip:   0.22 kB
00:05:27 [vite] dist/_astro/nfc.BfiXqpp7.js                                                        0.29 kB │ gzip:   0.21 kB
00:05:27 [vite] dist/_astro/refresh-cw.C1hm-dfq.js                                                 0.29 kB │ gzip:   0.21 kB
00:05:27 [vite] dist/_astro/shirt.B5pPr28H.js                                                      0.29 kB │ gzip:   0.23 kB
00:05:27 [vite] dist/_astro/refresh-ccw.B5dpA0rg.js                                                0.29 kB │ gzip:   0.21 kB
00:05:27 [vite] dist/_astro/spade.DL_apEZt.js                                                      0.29 kB │ gzip:   0.23 kB
00:05:27 [vite] dist/_astro/as-focusable.JE921XH7.js                                               0.29 kB │ gzip:   0.23 kB
00:05:27 [vite] dist/_astro/bean.Cwu4bMfG.js                                                       0.29 kB │ gzip:   0.24 kB
00:05:27 [vite] dist/_astro/book-image.de9pBy7u.js                                                 0.29 kB │ gzip:   0.24 kB
00:05:27 [vite] dist/_astro/briefcase-business.D4UeIbPd.js                                         0.29 kB │ gzip:   0.24 kB
00:05:27 [vite] dist/_astro/bring-to-front.CebInXKN.js                                             0.29 kB │ gzip:   0.23 kB
00:05:27 [vite] dist/_astro/decimals-arrow-right.BZGWqbwq.js                                       0.29 kB │ gzip:   0.23 kB
00:05:27 [vite] dist/_astro/folder-up.nnziMrsz.js                                                  0.29 kB │ gzip:   0.22 kB
00:05:27 [vite] dist/_astro/headset.Die0DqL_.js                                                    0.29 kB │ gzip:   0.22 kB
00:05:27 [vite] dist/_astro/map-pin-x-inside.B_RsDuVv.js                                           0.29 kB │ gzip:   0.23 kB
00:05:27 [vite] dist/_astro/monitor-speaker.D63IkqFW.js                                            0.29 kB │ gzip:   0.24 kB
00:05:27 [vite] dist/_astro/stethoscope.oeFg-UUG.js                                                0.29 kB │ gzip:   0.21 kB
00:05:27 [vite] dist/_astro/tent-tree.D-A850bX.js                                                  0.29 kB │ gzip:   0.21 kB
00:05:27 [vite] dist/_astro/washing-machine.CBU_w7Cx.js                                            0.29 kB │ gzip:   0.24 kB
00:05:27 [vite] dist/_astro/clipboard-x.DxnHox3-.js                                                0.29 kB │ gzip:   0.23 kB
00:05:27 [vite] dist/_astro/copy-plus.gsB0UIbz.js                                                  0.29 kB │ gzip:   0.24 kB
00:05:27 [vite] dist/_astro/drafting-compass.BfytFxkW.js                                           0.29 kB │ gzip:   0.24 kB
00:05:27 [vite] dist/_astro/monitor-smartphone.CA-OzAgf.js                                         0.29 kB │ gzip:   0.24 kB
00:05:27 [vite] dist/_astro/arrow-big-up.QK2oKqoY.js                                               0.29 kB │ gzip:   0.22 kB
00:05:27 [vite] dist/_astro/book-lock.DTZ6x75N.js                                                  0.29 kB │ gzip:   0.24 kB
00:05:27 [vite] dist/_astro/bookmark-plus.mqv3R0M9.js                                              0.29 kB │ gzip:   0.23 kB
00:05:27 [vite] dist/_astro/dice-6.W13yW3v2.js                                                     0.29 kB │ gzip:   0.19 kB
00:05:27 [vite] dist/_astro/list-restart.CpJq_45N.js                                               0.29 kB │ gzip:   0.21 kB
00:05:27 [vite] dist/_astro/picture-in-picture.CKxB0I7Z.js                                         0.29 kB │ gzip:   0.23 kB
00:05:27 [vite] dist/_astro/a-large-small.DGCGNoLV.js                                              0.29 kB │ gzip:   0.24 kB
00:05:27 [vite] dist/_astro/accessibility.BJYQNuzS.js                                              0.29 kB │ gzip:   0.23 kB
00:05:27 [vite] dist/_astro/diameter.BofJ5OC1.js                                                   0.29 kB │ gzip:   0.21 kB
00:05:27 [vite] dist/_astro/drum.BzT9XiKq.js                                                       0.29 kB │ gzip:   0.21 kB
00:05:27 [vite] dist/_astro/file-minus.C2zTHdER.js                                                 0.29 kB │ gzip:   0.22 kB
00:05:27 [vite] dist/_astro/folder-search.Lc9DQGBB.js                                              0.29 kB │ gzip:   0.24 kB
00:05:27 [vite] dist/_astro/mail-warning.D21mvBwc.js                                               0.29 kB │ gzip:   0.23 kB
00:05:27 [vite] dist/_astro/message-square-share.CRfVtYTr.js                                       0.29 kB │ gzip:   0.23 kB
00:05:27 [vite] dist/_astro/timer-off.G95lmeCa.js                                                  0.29 kB │ gzip:   0.21 kB
00:05:27 [vite] dist/_astro/tram-front.y1lUGlNq.js                                                 0.29 kB │ gzip:   0.22 kB
00:05:27 [vite] dist/_astro/arrow-big-down.rY7QVWEG.js                                             0.30 kB │ gzip:   0.22 kB
00:05:27 [vite] dist/_astro/clipboard-plus.DwsA1suY.js                                             0.30 kB │ gzip:   0.23 kB
00:05:27 [vite] dist/_astro/cloud-backup.pKZtvSUA.js                                               0.30 kB │ gzip:   0.23 kB
00:05:27 [vite] dist/_astro/cookie.D7uPVE2B.js                                                     0.30 kB │ gzip:   0.19 kB
00:05:27 [vite] dist/_astro/expand.E-4JIbIB.js                                                     0.30 kB │ gzip:   0.19 kB
00:05:27 [vite] dist/_astro/folder-x.jzB2aC5g.js                                                   0.30 kB │ gzip:   0.22 kB
00:05:27 [vite] dist/_astro/logs.CCi0SiYF.js                                                       0.30 kB │ gzip:   0.16 kB
00:05:27 [vite] dist/_astro/message-circle-check.DsWss4eg.js                                       0.30 kB │ gzip:   0.25 kB
00:05:27 [vite] dist/_astro/square-stack.DCGtjAL_.js                                               0.30 kB │ gzip:   0.23 kB
00:05:27 [vite] dist/_astro/chart-column-stacked.eEkX9QKO.js                                       0.30 kB │ gzip:   0.23 kB
00:05:27 [vite] dist/_astro/folder-down.CUOyiV-B.js                                                0.30 kB │ gzip:   0.23 kB
00:05:27 [vite] dist/_astro/glasses.B4y1LuNN.js                                                    0.30 kB │ gzip:   0.22 kB
00:05:27 [vite] dist/_astro/image-minus.BO_7NyAf.js                                                0.30 kB │ gzip:   0.24 kB
00:05:27 [vite] dist/_astro/laptop.DWu-YgvD.js                                                     0.30 kB │ gzip:   0.23 kB
00:05:27 [vite] dist/_astro/milestone.CZLMTANC.js                                                  0.30 kB │ gzip:   0.22 kB
00:05:27 [vite] dist/_astro/paw-print.BOhynPq6.js                                                  0.30 kB │ gzip:   0.23 kB
00:05:27 [vite] dist/_astro/zodiac-virgo.wk56nuic.js                                               0.30 kB │ gzip:   0.20 kB
00:05:27 [vite] dist/_astro/bookmark-x.D4DsOcA-.js                                                 0.30 kB │ gzip:   0.23 kB
00:05:27 [vite] dist/_astro/image-up.B36tii8i.js                                                   0.30 kB │ gzip:   0.24 kB
00:05:27 [vite] dist/_astro/thumbs-up.Dil6i1wo.js                                                  0.30 kB │ gzip:   0.23 kB
00:05:27 [vite] dist/_astro/footer.proto.BuWRMEIq.js                                               0.30 kB │ gzip:   0.24 kB
00:05:27 [vite] dist/_astro/chess-pawn.CEDeuqi5.js                                                 0.30 kB │ gzip:   0.23 kB
00:05:27 [vite] dist/_astro/ethernet-port.DAsRNJp2.js                                              0.30 kB │ gzip:   0.20 kB
00:05:27 [vite] dist/_astro/folder-input.Bzrz6SJf.js                                               0.30 kB │ gzip:   0.22 kB
00:05:27 [vite] dist/_astro/folder-symlink.Bpv-gJc9.js                                             0.30 kB │ gzip:   0.23 kB
00:05:27 [vite] dist/_astro/skull.D5aRnC2T.js                                                      0.30 kB │ gzip:   0.23 kB
00:05:27 [vite] dist/_astro/stamp.BYcYLI_x.js                                                      0.30 kB │ gzip:   0.22 kB
00:05:27 [vite] dist/_astro/syringe.BRJJVxNN.js                                                    0.30 kB │ gzip:   0.22 kB
00:05:27 [vite] dist/_astro/battery-warning.BCB5uMd7.js                                            0.30 kB │ gzip:   0.21 kB
00:05:27 [vite] dist/_astro/birdhouse.1DHDSBMP.js                                                  0.30 kB │ gzip:   0.24 kB
00:05:27 [vite] dist/_astro/file-diff.YeD29J6a.js                                                  0.30 kB │ gzip:   0.22 kB
00:05:27 [vite] dist/_astro/folder-root.AoN5js_2.js                                                0.30 kB │ gzip:   0.24 kB
00:05:27 [vite] dist/_astro/image-down.Bh2h0EQn.js                                                 0.30 kB │ gzip:   0.24 kB
00:05:27 [vite] dist/_astro/library-big.ufa0A4Q8.js                                                0.30 kB │ gzip:   0.25 kB
00:05:27 [vite] dist/_astro/list-ordered.BK17m-RB.js                                               0.30 kB │ gzip:   0.21 kB
00:05:27 [vite] dist/_astro/pin-off.CJZW-eLk.js                                                    0.30 kB │ gzip:   0.23 kB
00:05:27 [vite] dist/_astro/smile-plus.u6Fqp_zc.js                                                 0.30 kB │ gzip:   0.22 kB
00:05:27 [vite] dist/_astro/file-check.DidmrhXx.js                                                 0.30 kB │ gzip:   0.23 kB
00:05:27 [vite] dist/_astro/file-minus-corner.BuwI1gAX.js                                          0.30 kB │ gzip:   0.23 kB
00:05:27 [vite] dist/_astro/ice-cream-bowl.Bi3w0Lyq.js                                             0.30 kB │ gzip:   0.22 kB
00:05:27 [vite] dist/_astro/thumbs-down.JIi4hkPy.js                                                0.30 kB │ gzip:   0.24 kB
00:05:27 [vite] dist/_astro/ampersands.DXP1az0X.js                                                 0.30 kB │ gzip:   0.20 kB
00:05:27 [vite] dist/_astro/battery-charging.BpAVpgtr.js                                           0.30 kB │ gzip:   0.23 kB
00:05:27 [vite] dist/_astro/calendar-x-2.B35fRTB6.js                                               0.30 kB │ gzip:   0.21 kB
00:05:27 [vite] dist/_astro/folder-open.DCh9UGPK.js                                                0.30 kB │ gzip:   0.23 kB
00:05:27 [vite] dist/_astro/folder-output.BRadfnbt.js                                              0.30 kB │ gzip:   0.23 kB
00:05:27 [vite] dist/_astro/gift.C_jNczl0.js                                                       0.30 kB │ gzip:   0.23 kB
00:05:27 [vite] dist/_astro/globe-lock.C7v78Vbu.js                                                 0.30 kB │ gzip:   0.24 kB
00:05:27 [vite] dist/_astro/locate-fixed.Ct5TRGkA.js                                               0.30 kB │ gzip:   0.20 kB
00:05:27 [vite] dist/_astro/message-square-off.DRDPq7xx.js                                         0.30 kB │ gzip:   0.25 kB
00:05:27 [vite] dist/_astro/message-square-plus.CE040-o6.js                                        0.30 kB │ gzip:   0.24 kB
00:05:27 [vite] dist/_astro/newspaper.DD4Bn3yi.js                                                  0.30 kB │ gzip:   0.23 kB
00:05:27 [vite] dist/_astro/pencil-line.BJRyjemr.js                                                0.30 kB │ gzip:   0.24 kB
00:05:27 [vite] dist/_astro/tv-minimal-play.BKVKezq5.js                                            0.30 kB │ gzip:   0.25 kB
00:05:27 [vite] dist/_astro/bandage.BH2SohCW.js                                                    0.30 kB │ gzip:   0.20 kB
00:05:27 [vite] dist/_astro/bone.DqYh7qYk.js                                                       0.30 kB │ gzip:   0.22 kB
00:05:27 [vite] dist/_astro/book-copy.CWSt9Z1k.js                                                  0.30 kB │ gzip:   0.22 kB
00:05:27 [vite] dist/_astro/chef-hat.C8O18Pj_.js                                                   0.30 kB │ gzip:   0.24 kB
00:05:27 [vite] dist/_astro/wallet-cards.C7j-pBZZ.js                                               0.30 kB │ gzip:   0.25 kB
00:05:27 [vite] dist/_astro/arrow-big-left.K0EsOEJD.js                                             0.30 kB │ gzip:   0.23 kB
00:05:27 [vite] dist/_astro/arrow-big-right.BgWECJev.js                                            0.30 kB │ gzip:   0.23 kB
00:05:27 [vite] dist/_astro/film.CA1rifu7.js                                                       0.30 kB │ gzip:   0.20 kB
00:05:27 [vite] dist/_astro/save.CsZBsM1G.js                                                       0.30 kB │ gzip:   0.21 kB
00:05:27 [vite] dist/_astro/header.proto.DHc6Iriz.js                                               0.30 kB │ gzip:   0.24 kB
00:05:27 [vite] dist/_astro/alarm-clock-plus.D4PDMDhl.js                                           0.30 kB │ gzip:   0.23 kB
00:05:27 [vite] dist/_astro/diamond-plus.DXXZIPn1.js                                               0.30 kB │ gzip:   0.21 kB
00:05:27 [vite] dist/_astro/file-check-corner.BB7Dfvs2.js                                          0.30 kB │ gzip:   0.24 kB
00:05:27 [vite] dist/_astro/folder-key.CJHsfHbU.js                                                 0.30 kB │ gzip:   0.23 kB
00:05:27 [vite] dist/_astro/fullscreen.kXXMOaIU.js                                                 0.30 kB │ gzip:   0.22 kB
00:05:27 [vite] dist/_astro/superscript.BeruiZ6T.js                                                0.30 kB │ gzip:   0.25 kB
00:05:27 [vite] dist/_astro/tree-pine.7XCxd63i.js                                                  0.30 kB │ gzip:   0.22 kB
00:05:27 [vite] dist/_astro/apple.sxEviBnG.js                                                      0.31 kB │ gzip:   0.23 kB
00:05:27 [vite] dist/_astro/book-up-2.Czs-JxOR.js                                                  0.31 kB │ gzip:   0.22 kB
00:05:27 [vite] dist/_astro/calendar-plus.Bax8UMpp.js                                              0.31 kB │ gzip:   0.21 kB
00:05:27 [vite] dist/_astro/captions-off.CKkL7MGv.js                                               0.31 kB │ gzip:   0.21 kB
00:05:27 [vite] dist/_astro/cooking-pot.vYjN1JpU.js                                                0.31 kB │ gzip:   0.23 kB
00:05:27 [vite] dist/_astro/file-exclamation-point.CrDcHSqe.js                                     0.31 kB │ gzip:   0.24 kB
00:05:27 [vite] dist/_astro/mouse-pointer.BL_dD2S4.js                                              0.31 kB │ gzip:   0.25 kB
00:05:27 [vite] dist/_astro/network._KxwzCHk.js                                                    0.31 kB │ gzip:   0.21 kB
00:05:27 [vite] dist/_astro/plug-zap.CsaKH9jj.js                                                   0.31 kB │ gzip:   0.22 kB
00:05:27 [vite] dist/_astro/router.kcVSkp0B.js                                                     0.31 kB │ gzip:   0.23 kB
00:05:27 [vite] dist/_astro/snail.DlbpR51t.js                                                      0.31 kB │ gzip:   0.24 kB
00:05:27 [vite] dist/_astro/ticket-percent.vZwyaB8N.js                                             0.31 kB │ gzip:   0.22 kB
00:05:27 [vite] dist/_astro/brick-wall.B1ou2wWt.js                                                 0.31 kB │ gzip:   0.20 kB
00:05:27 [vite] dist/_astro/citrus.x57GoHyd.js                                                     0.31 kB │ gzip:   0.23 kB
00:05:27 [vite] dist/_astro/funnel-plus.DwqIjszG.js                                                0.31 kB │ gzip:   0.24 kB
00:05:27 [vite] dist/_astro/hand-helping.DZRrHrap.js                                               0.31 kB │ gzip:   0.25 kB
00:05:27 [vite] dist/_astro/loader-pinwheel.DrrK5_sJ.js                                            0.31 kB │ gzip:   0.22 kB
00:05:27 [vite] dist/_astro/message-circle-x.05dOnv12.js                                           0.31 kB │ gzip:   0.24 kB
00:05:27 [vite] dist/_astro/message-square-x.VvA-Am9_.js                                           0.31 kB │ gzip:   0.24 kB
00:05:27 [vite] dist/_astro/monitor-off.BXcGCXaV.js                                                0.31 kB │ gzip:   0.22 kB
00:05:27 [vite] dist/_astro/sailboat.DjoJ7ka_.js                                                   0.31 kB │ gzip:   0.23 kB
00:05:27 [vite] dist/_astro/air-vent.BWvVCYfq.js                                                   0.31 kB │ gzip:   0.22 kB
00:05:27 [vite] dist/_astro/battery-plus.0U2LPGN-.js                                               0.31 kB │ gzip:   0.22 kB
00:05:27 [vite] dist/_astro/bird.BZrfYCpG.js                                                       0.31 kB │ gzip:   0.23 kB
00:05:27 [vite] dist/_astro/lectern.BPE7W_dS.js                                                    0.31 kB │ gzip:   0.24 kB
00:05:27 [vite] dist/_astro/spell-check-2.BDKdHs71.js                                              0.31 kB │ gzip:   0.20 kB
00:05:27 [vite] dist/_astro/wrench.DOCluCiC.js                                                     0.31 kB │ gzip:   0.24 kB
00:05:27 [vite] dist/_astro/banknote-x.XoXq6sI6.js                                                 0.31 kB │ gzip:   0.23 kB
00:05:27 [vite] dist/_astro/git-pull-request-create-arrow.B8Ky9bsM.js                              0.31 kB │ gzip:   0.24 kB
00:05:27 [vite] dist/_astro/life-buoy.C4HimFos.js                                                  0.31 kB │ gzip:   0.20 kB
00:05:27 [vite] dist/_astro/map-pin-minus.C_rF8OQg.js                                              0.31 kB │ gzip:   0.26 kB
00:05:27 [vite] dist/_astro/smartphone-nfc.CvZ7raLN.js                                             0.31 kB │ gzip:   0.24 kB
00:05:27 [vite] dist/_astro/usb.CPK1aV2v.js                                                        0.31 kB │ gzip:   0.22 kB
00:05:27 [vite] dist/_astro/banana.TY-W4kG9.js                                                     0.31 kB │ gzip:   0.25 kB
00:05:27 [vite] dist/_astro/cigarette.DRTWOAd-.js                                                  0.31 kB │ gzip:   0.21 kB
00:05:27 [vite] dist/_astro/door-closed-locked.B5g9XfhZ.js                                         0.31 kB │ gzip:   0.24 kB
00:05:27 [vite] dist/_astro/gem.DZo-Rnu2.js                                                        0.31 kB │ gzip:   0.23 kB
00:05:27 [vite] dist/_astro/message-circle-plus.Bl-M82o4.js                                        0.31 kB │ gzip:   0.25 kB
00:05:27 [vite] dist/_astro/plane.B-2cII2k.js                                                      0.31 kB │ gzip:   0.25 kB
00:05:27 [vite] dist/_astro/podcast.CvKX7JlZ.js                                                    0.31 kB │ gzip:   0.24 kB
00:05:27 [vite] dist/_astro/toilet.BQeWCnI0.js                                                     0.31 kB │ gzip:   0.23 kB
00:05:27 [vite] dist/_astro/bell-minus.CLuQm1wz.js                                                 0.31 kB │ gzip:   0.25 kB
00:05:27 [vite] dist/_astro/funnel-x.iAI2mso5.js                                                   0.31 kB │ gzip:   0.24 kB
00:05:27 [vite] dist/_astro/haze.Btl5lLKj.js                                                       0.31 kB │ gzip:   0.20 kB
00:05:27 [vite] dist/_astro/hd.pqE2Czej.js                                                         0.31 kB │ gzip:   0.22 kB
00:05:27 [vite] dist/_astro/heart-minus.rIuhOW3S.js                                                0.31 kB │ gzip:   0.25 kB
00:05:27 [vite] dist/_astro/message-square-warning.Z_vZoI-k.js                                     0.31 kB │ gzip:   0.24 kB
00:05:27 [vite] dist/_astro/switch-camera.DXcGMaeb.js                                              0.31 kB │ gzip:   0.23 kB
00:05:27 [vite] dist/_astro/cassette-tape.DE-_5cl7.js                                              0.31 kB │ gzip:   0.24 kB
00:05:27 [vite] dist/_astro/chart-area.BECw8q6F.js                                                 0.31 kB │ gzip:   0.23 kB
00:05:27 [vite] dist/_astro/cross.DcGxDtRN.js                                                      0.31 kB │ gzip:   0.19 kB
00:05:27 [vite] dist/_astro/fold-horizontal.B8P6ifBh.js                                            0.31 kB │ gzip:   0.20 kB
00:05:27 [vite] dist/_astro/fold-vertical.BCl_7HUw.js                                              0.31 kB │ gzip:   0.20 kB
00:05:27 [vite] dist/_astro/image-plus.C7oTc0Eb.js                                                 0.31 kB │ gzip:   0.23 kB
00:05:27 [vite] dist/_astro/shield-half.EJ6knSBU.js                                                0.31 kB │ gzip:   0.25 kB
00:05:27 [vite] dist/_astro/tag.COp-qR26.js                                                        0.31 kB │ gzip:   0.24 kB
00:05:27 [vite] dist/_astro/briefcase-medical.CKHtW9iq.js                                          0.31 kB │ gzip:   0.23 kB
00:05:27 [vite] dist/_astro/git-compare-arrows.OfDnQZGp.js                                         0.31 kB │ gzip:   0.24 kB
00:05:27 [vite] dist/_astro/shield-minus.BtQIIZ4s.js                                               0.31 kB │ gzip:   0.25 kB
00:05:27 [vite] dist/_astro/signature.CJ7cogN5.js                                                  0.31 kB │ gzip:   0.25 kB
00:05:27 [vite] dist/_astro/badge-check.se-iBqH9.js                                                0.31 kB │ gzip:   0.22 kB
00:05:27 [vite] dist/_astro/clipboard-clock.BFbj1SH8.js                                            0.31 kB │ gzip:   0.25 kB
00:05:27 [vite] dist/_astro/folder-code.BP_VT1y6.js                                                0.31 kB │ gzip:   0.23 kB
00:05:27 [vite] dist/_astro/folder-lock.CW7iCF91.js                                                0.31 kB │ gzip:   0.25 kB
00:05:27 [vite] dist/_astro/touchpad-off.CjIQsfzD.js                                               0.31 kB │ gzip:   0.21 kB
00:05:27 [vite] dist/_astro/book-headphones.B_cYkR4G.js                                            0.31 kB │ gzip:   0.24 kB
00:05:27 [vite] dist/_astro/calendars.Dfg41g1O.js                                                  0.31 kB │ gzip:   0.23 kB
00:05:27 [vite] dist/_astro/creative-commons.CjfgS7YA.js                                           0.31 kB │ gzip:   0.22 kB
00:05:27 [vite] dist/_astro/folders.RN_cNxO8.js                                                    0.31 kB │ gzip:   0.22 kB
00:05:27 [vite] dist/_astro/lightbulb-off.Ds0BeFlX.js                                              0.31 kB │ gzip:   0.24 kB
00:05:27 [vite] dist/_astro/locate-off.DfeQxisB.js                                                 0.31 kB │ gzip:   0.21 kB
00:05:27 [vite] dist/_astro/message-square-code.B_lxQV1m.js                                        0.31 kB │ gzip:   0.24 kB
00:05:27 [vite] dist/_astro/metronome.Cp_idG52.js                                                  0.31 kB │ gzip:   0.25 kB
00:05:27 [vite] dist/_astro/unfold-horizontal.3VRAWEJX.js                                          0.31 kB │ gzip:   0.20 kB
00:05:27 [vite] dist/_astro/alarm-clock-off.rfq_JjiH.js                                            0.32 kB │ gzip:   0.22 kB
00:05:27 [vite] dist/_astro/cable-car.CIkYxE6x.js                                                  0.32 kB │ gzip:   0.22 kB
00:05:27 [vite] dist/_astro/file-x-corner.CSKDerq-.js                                              0.32 kB │ gzip:   0.23 kB
00:05:27 [vite] dist/_astro/folder-git.Dychonvt.js                                                 0.32 kB │ gzip:   0.24 kB
00:05:27 [vite] dist/_astro/land-plot.DGOLWE0I.js                                                  0.32 kB │ gzip:   0.24 kB
00:05:27 [vite] dist/_astro/unfold-vertical.BMt6G7yi.js                                            0.32 kB │ gzip:   0.20 kB
00:05:27 [vite] dist/_astro/user-pen.vqO5PDHH.js                                                   0.32 kB │ gzip:   0.25 kB
00:05:27 [vite] dist/_astro/calendar-clock.CDmIZIt1.js                                             0.32 kB │ gzip:   0.23 kB
00:05:27 [vite] dist/_astro/card-sim.8ywUfpX8.js                                                   0.32 kB │ gzip:   0.24 kB
00:05:27 [vite] dist/_astro/fan.B9qjir8Z.js                                                        0.32 kB │ gzip:   0.21 kB
00:05:27 [vite] dist/_astro/file-plus.CnyPmrFH.js                                                  0.32 kB │ gzip:   0.23 kB
00:05:27 [vite] dist/_astro/square-pen.lvAits7c.js                                                 0.32 kB │ gzip:   0.24 kB
00:05:27 [vite] dist/_astro/cloud-moon.pBdnhWgz.js                                                 0.32 kB │ gzip:   0.26 kB
00:05:27 [vite] dist/_astro/folder-search-2.CTpcxwPJ.js                                            0.32 kB │ gzip:   0.25 kB
00:05:27 [vite] dist/_astro/monitor-play.Bz6msXhZ.js                                               0.32 kB │ gzip:   0.25 kB
00:05:27 [vite] dist/_astro/notebook-text.DTF4H1rO.js                                              0.32 kB │ gzip:   0.22 kB
00:05:27 [vite] dist/_astro/radio.Co3PxpWI.js                                                      0.32 kB │ gzip:   0.23 kB
00:05:27 [vite] dist/_astro/demo-base-async-region.demo.BvH58_L_.js                                0.32 kB │ gzip:   0.23 kB
00:05:27 [vite] dist/_astro/badge-minus.CdDE8e51.js                                                0.32 kB │ gzip:   0.23 kB
00:05:27 [vite] dist/_astro/bell-electric.CBCGRrQp.js                                              0.32 kB │ gzip:   0.25 kB
00:05:27 [vite] dist/_astro/calendar-arrow-up.B6_XqubK.js                                          0.32 kB │ gzip:   0.23 kB
00:05:27 [vite] dist/_astro/file-up.CHxo1Pmv.js                                                    0.32 kB │ gzip:   0.23 kB
00:05:27 [vite] dist/_astro/graduation-cap.rSqQ9309.js                                             0.32 kB │ gzip:   0.25 kB
00:05:27 [vite] dist/_astro/images.DYAyv4UO.js                                                     0.32 kB │ gzip:   0.25 kB
00:05:27 [vite] dist/_astro/message-circle-warning.D0Hflzcw.js                                     0.32 kB │ gzip:   0.26 kB
00:05:27 [vite] dist/_astro/scroll-text.DMOXto6q.js                                                0.32 kB │ gzip:   0.22 kB
00:05:27 [vite] dist/_astro/shield-check.Cb-AwNO3.js                                               0.32 kB │ gzip:   0.25 kB
00:05:27 [vite] dist/_astro/weight-tilde.CB408ztN.js                                               0.32 kB │ gzip:   0.25 kB
00:05:27 [vite] dist/_astro/bell-dot.CCy1Jy09.js                                                   0.32 kB │ gzip:   0.26 kB
00:05:27 [vite] dist/_astro/loader.CYh9Gw7r.js                                                     0.32 kB │ gzip:   0.20 kB
00:05:27 [vite] dist/_astro/mailbox.DiEXJZKr.js                                                    0.32 kB │ gzip:   0.25 kB
00:05:27 [vite] dist/_astro/package-2.CV8YYpgh.js                                                  0.32 kB │ gzip:   0.24 kB
00:05:27 [vite] dist/_astro/parking-meter.DpOHI-OG.js                                              0.32 kB │ gzip:   0.23 kB
00:05:27 [vite] dist/_astro/file-chart-line.B7sPJrJ1.js                                            0.32 kB │ gzip:   0.24 kB
00:05:27 [vite] dist/_astro/flashlight.C7_zZ8Hi.js                                                 0.32 kB │ gzip:   0.24 kB
00:05:27 [vite] dist/_astro/flask-conical-off.BjHArmSg.js                                          0.32 kB │ gzip:   0.23 kB
00:05:27 [vite] dist/_astro/folder-kanban.BDuGU0fg.js                                              0.32 kB │ gzip:   0.24 kB
00:05:27 [vite] dist/_astro/git-branch-plus.QjPWql2D.js                                            0.32 kB │ gzip:   0.21 kB
00:05:27 [vite] dist/_astro/luggage.YsyfudEw.js                                                    0.32 kB │ gzip:   0.21 kB
00:05:27 [vite] dist/_astro/projector.eDjkY3ug.js                                                  0.32 kB │ gzip:   0.23 kB
00:05:27 [vite] dist/_astro/vibrate-off.rhZz2ssd.js                                                0.32 kB │ gzip:   0.24 kB
00:05:27 [vite] dist/_astro/baggage-claim.DyMdlaUD.js                                              0.32 kB │ gzip:   0.24 kB
00:05:27 [vite] dist/_astro/boom-box.C30WB3-v.js                                                   0.32 kB │ gzip:   0.23 kB
00:05:27 [vite] dist/_astro/calendar-range.AYJSd5Z_.js                                             0.32 kB │ gzip:   0.22 kB
00:05:27 [vite] dist/_astro/file-clock.DIB47e4s.js                                                 0.32 kB │ gzip:   0.25 kB
00:05:27 [vite] dist/_astro/file-x.WsFE7512.js                                                     0.32 kB │ gzip:   0.23 kB
00:05:27 [vite] dist/_astro/scissors-line-dashed.BFcNKEm_.js                                       0.32 kB │ gzip:   0.23 kB
00:05:27 [vite] dist/_astro/turtle.BUy4Qs8D.js                                                     0.32 kB │ gzip:   0.23 kB
00:05:27 [vite] dist/_astro/watch.C2ctkH16.js                                                      0.32 kB │ gzip:   0.24 kB
00:05:27 [vite] dist/_astro/waypoints.D2elDmbm.js                                                  0.32 kB │ gzip:   0.21 kB
00:05:27 [vite] dist/_astro/book-open-check.WtPD8H8a.js                                            0.32 kB │ gzip:   0.23 kB
00:05:27 [vite] dist/_astro/camera.BD6NhXy7.js                                                     0.32 kB │ gzip:   0.25 kB
00:05:27 [vite] dist/_astro/clipboard-type.CpHZnGDk.js                                             0.32 kB │ gzip:   0.24 kB
00:05:27 [vite] dist/_astro/cloud-drizzle.ZaZOSZks.js                                              0.32 kB │ gzip:   0.21 kB
00:05:27 [vite] dist/_astro/cloud-hail.CuD1bO1M.js                                                 0.32 kB │ gzip:   0.21 kB
00:05:27 [vite] dist/_astro/construction.CiFgLl5g.js                                               0.32 kB │ gzip:   0.22 kB
00:05:27 [vite] dist/_astro/file-down.a6Mjax2i.js                                                  0.32 kB │ gzip:   0.24 kB
00:05:27 [vite] dist/_astro/lamp.9tuxA2cd.js                                                       0.32 kB │ gzip:   0.23 kB
00:05:27 [vite] dist/_astro/message-circle-code.BDZ216L-.js                                        0.32 kB │ gzip:   0.25 kB
00:05:27 [vite] dist/_astro/scan-search.CZxSkuS1.js                                                0.32 kB │ gzip:   0.23 kB
00:05:27 [vite] dist/_astro/volume-1.BzV2i3VW.js                                                   0.32 kB │ gzip:   0.24 kB
00:05:27 [vite] dist/_astro/book-heart.CHO6wrq-.js                                                 0.32 kB │ gzip:   0.25 kB
00:05:27 [vite] dist/_astro/file-plus-corner.CvLEUrKh.js                                           0.32 kB │ gzip:   0.24 kB
00:05:27 [vite] dist/_astro/folder-git-2.Dn1b_Jb_.js                                               0.32 kB │ gzip:   0.24 kB
00:05:27 [vite] dist/_astro/house-plus.CLBZuc3N.js                                                 0.32 kB │ gzip:   0.23 kB
00:05:27 [vite] dist/_astro/message-square-text.DNENQK1E.js                                        0.32 kB │ gzip:   0.24 kB
00:05:27 [vite] dist/_astro/stone.Bh-OoNwx.js                                                      0.32 kB │ gzip:   0.24 kB
00:05:27 [vite] dist/_astro/transgender.BcuFK9TS.js                                                0.32 kB │ gzip:   0.23 kB
00:05:27 [vite] dist/_astro/wand.DMWL4Mda.js                                                       0.32 kB │ gzip:   0.19 kB
00:05:27 [vite] dist/_astro/aperture.DlrA7nAI.js                                                   0.32 kB │ gzip:   0.23 kB
00:05:27 [vite] dist/_astro/calendar-search.B5FBpo3C.js                                            0.32 kB │ gzip:   0.24 kB
00:05:27 [vite] dist/_astro/file-axis-3d.DFTq4F3J.js                                               0.32 kB │ gzip:   0.24 kB
00:05:27 [vite] dist/_astro/message-square-diff.Dro4F70R.js                                        0.32 kB │ gzip:   0.24 kB
00:05:27 [vite] dist/_astro/microscope.Cg1hQyQZ.js                                                 0.32 kB │ gzip:   0.22 kB
00:05:27 [vite] dist/_astro/pen-off.CUbIIcBo.js                                                    0.32 kB │ gzip:   0.25 kB
00:05:27 [vite] dist/_astro/shopping-bag.DTckhynr.js                                               0.32 kB │ gzip:   0.24 kB
00:05:27 [vite] dist/_astro/train-front.B0_UjW_o.js                                                0.32 kB │ gzip:   0.23 kB
00:05:27 [vite] dist/_astro/banknote-arrow-up.CWJEBlp1.js                                          0.33 kB │ gzip:   0.24 kB
00:05:27 [vite] dist/_astro/calendar-arrow-down.Bj5KhFpF.js                                        0.33 kB │ gzip:   0.23 kB
00:05:27 [vite] dist/_astro/clipboard-copy.DsG7z0fx.js                                             0.33 kB │ gzip:   0.24 kB
00:05:27 [vite] dist/_astro/ev-charger.4Cq_PaJd.js                                                 0.33 kB │ gzip:   0.23 kB
00:05:27 [vite] dist/_astro/file-question-mark.C0Ciwjd4.js                                         0.33 kB │ gzip:   0.25 kB
00:05:27 [vite] dist/_astro/file-symlink.B-e1jnyU.js                                               0.33 kB │ gzip:   0.24 kB
00:05:27 [vite] dist/_astro/map-pin-check.CcLK3KTb.js                                              0.33 kB │ gzip:   0.27 kB
00:05:27 [vite] dist/_astro/mouse-pointer-ban.D738QXDd.js                                          0.33 kB │ gzip:   0.27 kB
00:05:27 [vite] dist/_astro/phone.DawZ1bgo.js                                                      0.33 kB │ gzip:   0.23 kB
00:05:27 [vite] dist/_astro/shield-ban.BEVh9wNW.js                                                 0.33 kB │ gzip:   0.26 kB
00:05:27 [vite] dist/_astro/align-vertical-distribute-center.DVjWgG5Y.js                           0.33 kB │ gzip:   0.24 kB
00:05:27 [vite] dist/_astro/bell-plus.DqV0DNXg.js                                                  0.33 kB │ gzip:   0.25 kB
00:05:27 [vite] dist/_astro/cuboid.MYiozvpo.js                                                     0.33 kB │ gzip:   0.23 kB
00:05:27 [vite] dist/_astro/database-search._TRgkv2s.js                                            0.33 kB │ gzip:   0.25 kB
00:05:27 [vite] dist/_astro/door-open.Dma5uuUS.js                                                  0.33 kB │ gzip:   0.23 kB
00:05:27 [vite] dist/_astro/refresh-ccw-dot.D5QI0P2x.js                                            0.33 kB │ gzip:   0.24 kB
00:05:27 [vite] dist/_astro/sliders-vertical.BlEGuBRi.js                                           0.33 kB │ gzip:   0.20 kB
00:05:27 [vite] dist/_astro/spool.CkFItfAf.js                                                      0.33 kB │ gzip:   0.24 kB
00:05:27 [vite] dist/_astro/squares-exclude.DaQOV4i0.js                                            0.33 kB │ gzip:   0.22 kB
00:05:27 [vite] dist/_astro/star-half.Dhq_6L_6.js                                                  0.33 kB │ gzip:   0.25 kB
00:05:27 [vite] dist/_astro/candy-cane.edNbxIkF.js                                                 0.33 kB │ gzip:   0.24 kB
00:05:27 [vite] dist/_astro/file-input.Bkn6rA53.js                                                 0.33 kB │ gzip:   0.24 kB
00:05:27 [vite] dist/_astro/file-music.BVWsUulY.js                                                 0.33 kB │ gzip:   0.25 kB
00:05:27 [vite] dist/_astro/hourglass.CceDv-Ze.js                                                  0.33 kB │ gzip:   0.22 kB
00:05:27 [vite] dist/_astro/layers-2.DZwjLsrF.js                                                   0.33 kB │ gzip:   0.23 kB
00:05:27 [vite] dist/_astro/megaphone.B75RUnaI.js                                                  0.33 kB │ gzip:   0.24 kB
00:05:27 [vite] dist/_astro/message-square-lock.BIvREdmt.js                                        0.33 kB │ gzip:   0.26 kB
00:05:27 [vite] dist/_astro/message-square-reply.eoY-GTpE.js                                       0.33 kB │ gzip:   0.25 kB
00:05:27 [vite] dist/_astro/scan-text.D2ienUha.js                                                  0.33 kB │ gzip:   0.20 kB
00:05:27 [vite] dist/_astro/banknote-arrow-down.xPO24V_w.js                                        0.33 kB │ gzip:   0.24 kB
00:05:27 [vite] dist/_astro/cake-slice.Dy70Kpcd.js                                                 0.33 kB │ gzip:   0.26 kB
00:05:27 [vite] dist/_astro/calendar-off.HmxpLDzu.js                                               0.33 kB │ gzip:   0.23 kB
00:05:27 [vite] dist/_astro/castle.ND-9b5en.js                                                     0.33 kB │ gzip:   0.20 kB
00:05:27 [vite] dist/_astro/cloud-snow.BdhwcG8v.js                                                 0.33 kB │ gzip:   0.21 kB
00:05:27 [vite] dist/_astro/heart-plus.Cq1WJuHe.js                                                 0.33 kB │ gzip:   0.25 kB
00:05:27 [vite] dist/_astro/id-card-lanyard.CEOpbgsn.js                                            0.33 kB │ gzip:   0.25 kB
00:05:27 [vite] dist/_astro/mic-off.CkWPB4oh.js                                                    0.33 kB │ gzip:   0.23 kB
00:05:27 [vite] dist/_astro/sunrise.BybkG17l.js                                                    0.33 kB │ gzip:   0.21 kB
00:05:27 [vite] dist/_astro/sunset.CgwF6hsD.js                                                     0.33 kB │ gzip:   0.21 kB
00:05:27 [vite] dist/_astro/trees.WWbTYGmU.js                                                      0.33 kB │ gzip:   0.23 kB
00:05:27 [vite] dist/_astro/venetian-mask.BHHEu3tQ.js                                              0.33 kB │ gzip:   0.23 kB
00:05:27 [vite] dist/_astro/car-front.CID6jsLW.js                                                  0.33 kB │ gzip:   0.24 kB
00:05:27 [vite] dist/_astro/caravan.DVmSSXx7.js                                                    0.33 kB │ gzip:   0.23 kB
00:05:27 [vite] dist/_astro/dices.v3n2sGGg.js                                                      0.33 kB │ gzip:   0.24 kB
00:05:27 [vite] dist/_astro/file-terminal.D1DhMyx4.js                                              0.33 kB │ gzip:   0.24 kB
00:05:27 [vite] dist/_astro/map-pin-plus.MkiDKARO.js                                               0.33 kB │ gzip:   0.26 kB
00:05:27 [vite] dist/_astro/user-round-pen.CVfX2pMx.js                                             0.33 kB │ gzip:   0.26 kB
00:05:27 [vite] dist/_astro/align-horizontal-distribute-center.BStR-Ank.js                         0.33 kB │ gzip:   0.24 kB
00:05:27 [vite] dist/_astro/armchair.BPXl0P5h.js                                                   0.33 kB │ gzip:   0.22 kB
00:05:27 [vite] dist/_astro/clapperboard.BGZcpx6Z.js                                               0.33 kB │ gzip:   0.25 kB
00:05:27 [vite] dist/_astro/cloud-sun.CA7H-CO3.js                                                  0.33 kB │ gzip:   0.24 kB
00:05:27 [vite] dist/_astro/dessert.DXLMdLzA.js                                                    0.33 kB │ gzip:   0.24 kB
00:05:27 [vite] dist/_astro/droplet-off.Bd5ZmIJX.js                                                0.33 kB │ gzip:   0.26 kB
00:05:27 [vite] dist/_astro/heart-pulse.BvbOEvlG.js                                                0.33 kB │ gzip:   0.26 kB
00:05:27 [vite] dist/_astro/motorbike.vDW78kYd.js                                                  0.33 kB │ gzip:   0.24 kB
00:05:27 [vite] dist/_astro/sliders-horizontal.CG-zhvrL.js                                         0.33 kB │ gzip:   0.21 kB
00:05:27 [vite] dist/_astro/bell-off.qK-5czC6.js                                                   0.33 kB │ gzip:   0.25 kB
00:05:27 [vite] dist/_astro/chart-candlestick.CVsDlTGb.js                                          0.33 kB │ gzip:   0.24 kB
00:05:27 [vite] dist/_astro/clipboard-paste.Bjfzyx03.js                                            0.33 kB │ gzip:   0.25 kB
00:05:27 [vite] dist/_astro/file-key.Bpd_en81.js                                                   0.33 kB │ gzip:   0.25 kB
00:05:27 [vite] dist/_astro/house-wifi.DnZhhYAI.js                                                 0.33 kB │ gzip:   0.24 kB
00:05:27 [vite] dist/_astro/message-square-more.tXhdv68U.js                                        0.33 kB │ gzip:   0.24 kB
00:05:27 [vite] dist/_astro/ruler-dimension-line.BTQN_1bt.js                                       0.33 kB │ gzip:   0.22 kB
00:05:27 [vite] dist/_astro/thermometer-sun.BbohwBAS.js                                            0.33 kB │ gzip:   0.23 kB
00:05:27 [vite] dist/_astro/webhook.D_aewWe7.js                                                    0.33 kB │ gzip:   0.26 kB
00:05:27 [vite] dist/_astro/header.proto.B8Ns17WT.js                                               0.33 kB │ gzip:   0.26 kB
00:05:27 [vite] dist/_astro/chart-no-axes-combined.jKCkvxrn.js                                     0.33 kB │ gzip:   0.24 kB
00:05:27 [vite] dist/_astro/files.CWlumQJh.js                                                      0.33 kB │ gzip:   0.22 kB
00:05:27 [vite] dist/_astro/map-pin-x.lGedvH4n.js                                                  0.33 kB │ gzip:   0.26 kB
00:05:27 [vite] dist/_astro/shield-plus.KqweZ3tj.js                                                0.33 kB │ gzip:   0.25 kB
00:05:27 [vite] dist/_astro/bottle-wine.CMqO0jG1.js                                                0.33 kB │ gzip:   0.24 kB
00:05:27 [vite] dist/_astro/file-user.DJVYf306.js                                                  0.33 kB │ gzip:   0.25 kB
00:05:27 [vite] dist/_astro/square-parking-off.oTqD4IPp.js                                         0.33 kB │ gzip:   0.24 kB
00:05:27 [vite] dist/_astro/root.proto.4d6BJFbl.js                                                 0.33 kB │ gzip:   0.25 kB
00:05:27 [vite] dist/_astro/arrow-big-up-dash.B2kr3CrF.js                                          0.33 kB │ gzip:   0.25 kB
00:05:27 [vite] dist/_astro/file-code-corner.BsJ2X6VN.js                                           0.33 kB │ gzip:   0.24 kB
00:05:27 [vite] dist/_astro/hat-glasses.B8leRweY.js                                                0.33 kB │ gzip:   0.25 kB
00:05:27 [vite] dist/_astro/hospital.B68jcTlr.js                                                   0.33 kB │ gzip:   0.22 kB
00:05:27 [vite] dist/_astro/message-circle-reply.CMGszoGj.js                                       0.33 kB │ gzip:   0.26 kB
00:05:27 [vite] dist/_astro/shuffle.DesoVR-i.js                                                    0.33 kB │ gzip:   0.22 kB
00:05:27 [vite] dist/_astro/waves-ladder.Dsz17gBs.js                                               0.33 kB │ gzip:   0.22 kB
00:05:27 [vite] dist/_astro/root.proto.Co9BRStD.js                                                 0.34 kB │ gzip:   0.25 kB
00:05:27 [vite] dist/_astro/arrow-big-down-dash.CAQA1nY-.js                                        0.34 kB │ gzip:   0.25 kB
00:05:27 [vite] dist/_astro/arrow-big-left-dash.Cbef0XrP.js                                        0.34 kB │ gzip:   0.25 kB
00:05:27 [vite] dist/_astro/folder-archive.B62C28XD.js                                             0.34 kB │ gzip:   0.25 kB
00:05:27 [vite] dist/_astro/mic-vocal.BHIpGGO9.js                                                  0.34 kB │ gzip:   0.27 kB
00:05:27 [vite] dist/_astro/notebook-tabs.CqFmh9fA.js                                              0.34 kB │ gzip:   0.22 kB
00:05:27 [vite] dist/_astro/piano.BQ1S6uCd.js                                                      0.34 kB │ gzip:   0.22 kB
00:05:27 [vite] dist/_astro/pin.CzHb1_pf.js                                                        0.34 kB │ gzip:   0.23 kB
00:05:27 [vite] dist/_astro/roller-coaster.CskdpkkT.js                                             0.34 kB │ gzip:   0.23 kB
00:05:27 [vite] dist/_astro/scan-barcode.CmNIauKD.js                                               0.34 kB │ gzip:   0.21 kB
00:05:27 [vite] dist/_astro/square-dashed-bottom-code.PQSPBuyL.js                                  0.34 kB │ gzip:   0.23 kB
00:05:27 [vite] dist/_astro/arrow-big-right-dash.BEsSMFZL.js                                       0.34 kB │ gzip:   0.25 kB
00:05:27 [vite] dist/_astro/bus-front.B-7GpXkq.js                                                  0.34 kB │ gzip:   0.23 kB
00:05:27 [vite] dist/_astro/tower-control.Bbw33ebA.js                                              0.34 kB │ gzip:   0.23 kB
00:05:27 [vite] dist/_astro/utensils-crossed.BkHmDKT5.js                                           0.34 kB │ gzip:   0.25 kB
00:05:27 [vite] dist/_astro/root.proto.JivB0SKD.js                                                 0.34 kB │ gzip:   0.26 kB
00:05:27 [vite] dist/_astro/building-2.DHJXHbGD.js                                                 0.34 kB │ gzip:   0.22 kB
00:05:27 [vite] dist/_astro/message-square-quote.Cfz88ybC.js                                       0.34 kB │ gzip:   0.25 kB
00:05:27 [vite] dist/_astro/package.C3zeT6c_.js                                                    0.34 kB │ gzip:   0.24 kB
00:05:27 [vite] dist/_astro/shield-alert.DMX38LyE.js                                               0.34 kB │ gzip:   0.26 kB
00:05:27 [vite] dist/_astro/shield-x.BgI8gz6x.js                                                   0.34 kB │ gzip:   0.25 kB
00:05:27 [vite] dist/_astro/speech.BpI83Qvx.js                                                     0.34 kB │ gzip:   0.26 kB
00:05:27 [vite] dist/_astro/sport-shoe.B7E5a48J.js                                                 0.34 kB │ gzip:   0.26 kB
00:05:27 [vite] dist/_astro/test-tubes.C9sUYqd5.js                                                 0.34 kB │ gzip:   0.21 kB
00:05:27 [vite] dist/_astro/root.proto.Cc0F6HoE.js                                                 0.34 kB │ gzip:   0.25 kB
00:05:27 [vite] dist/_astro/cloud-sync.BXrTqTq7.js                                                 0.34 kB │ gzip:   0.25 kB
00:05:27 [vite] dist/_astro/file-text.mm-EzE1r.js                                                  0.34 kB │ gzip:   0.23 kB
00:05:27 [vite] dist/_astro/landmark.Difb9Qh5.js                                                   0.34 kB │ gzip:   0.24 kB
00:05:27 [vite] dist/_astro/file-code.Bp89hYjX.js                                                  0.34 kB │ gzip:   0.24 kB
00:05:27 [vite] dist/_astro/file-lock.BEoD4Dgn.js                                                  0.34 kB │ gzip:   0.26 kB
00:05:27 [vite] dist/_astro/file-search.CWnNKkRb.js                                                0.34 kB │ gzip:   0.25 kB
00:05:27 [vite] dist/_astro/file-search-corner.CPbM3xyz.js                                         0.34 kB │ gzip:   0.26 kB
00:05:27 [vite] dist/_astro/group.DGJFErtC.js                                                      0.34 kB │ gzip:   0.24 kB
00:05:27 [vite] dist/_astro/keyboard.BRMAE6_X.js                                                   0.34 kB │ gzip:   0.21 kB
00:05:27 [vite] dist/_astro/message-circle-more.CJZEOd6Z.js                                        0.34 kB │ gzip:   0.25 kB
00:05:27 [vite] dist/_astro/root.proto.DRGxfEWJ.js                                                 0.34 kB │ gzip:   0.25 kB
00:05:27 [vite] dist/_astro/root.proto.BbPhhyrt.js                                                 0.34 kB │ gzip:   0.25 kB
00:05:27 [vite] dist/_astro/shelving-unit.IAHKSgD_.js                                              0.34 kB │ gzip:   0.21 kB
00:05:27 [vite] dist/_astro/backpack.BeToNF3H.js                                                   0.34 kB │ gzip:   0.21 kB
00:05:27 [vite] dist/_astro/badge-x.Qzbqz8sb.js                                                    0.34 kB │ gzip:   0.23 kB
00:05:27 [vite] dist/_astro/file-output.rIyu9JqD.js                                                0.34 kB │ gzip:   0.25 kB
00:05:27 [vite] dist/_astro/folder-open-dot.DJ8Kjqe6.js                                            0.34 kB │ gzip:   0.26 kB
00:05:27 [vite] dist/_astro/shopping-basket.IQqw8h_n.js                                            0.34 kB │ gzip:   0.23 kB
00:05:27 [vite] dist/_astro/view.BUvWXbBc.js                                                       0.34 kB │ gzip:   0.24 kB
00:05:27 [vite] dist/_astro/house-heart.B-8mZx-p.js                                                0.34 kB │ gzip:   0.25 kB
00:05:27 [vite] dist/_astro/keyboard-music.Cwp_oZJ0.js                                             0.34 kB │ gzip:   0.22 kB
00:05:27 [vite] dist/_astro/warehouse.BNMhZglt.js                                                  0.34 kB │ gzip:   0.24 kB
00:05:27 [vite] dist/_astro/root.proto._zxHtcrj.js                                                 0.34 kB │ gzip:   0.25 kB
00:05:27 [vite] dist/_astro/badge-cent.BdVdQ__8.js                                                 0.34 kB │ gzip:   0.22 kB
00:05:27 [vite] dist/_astro/badge-euro.BbH0K7UN.js                                                 0.34 kB │ gzip:   0.23 kB
00:05:27 [vite] dist/_astro/clipboard-list.DhwyWINT.js                                             0.34 kB │ gzip:   0.24 kB
00:05:27 [vite] dist/_astro/grip.C4T5z64Z.js                                                       0.34 kB │ gzip:   0.16 kB
00:05:27 [vite] dist/_astro/pocket-knife.CfXyhwIm.js                                               0.34 kB │ gzip:   0.24 kB
00:05:27 [vite] dist/_astro/truck.DLUDnkaI.js                                                      0.34 kB │ gzip:   0.24 kB
00:05:27 [vite] dist/_astro/bitcoin.BV47REB0.js                                                    0.34 kB │ gzip:   0.26 kB
00:05:27 [vite] dist/_astro/cigarette-off.DvHObbmI.js                                              0.34 kB │ gzip:   0.23 kB
00:05:27 [vite] dist/_astro/image-play.DBNmWHIW.js                                                 0.34 kB │ gzip:   0.25 kB
00:05:27 [vite] dist/_astro/lamp-wall-up.Br3fRSdr.js                                               0.34 kB │ gzip:   0.24 kB
00:05:27 [vite] dist/_astro/map-pin-search.D5ZZ1QGG.js                                             0.34 kB │ gzip:   0.27 kB
00:05:27 [vite] dist/_astro/sun-moon.D-oinP5n.js                                                   0.34 kB │ gzip:   0.25 kB
00:05:27 [vite] dist/_astro/bot-off.Dd25S-oW.js                                                    0.35 kB │ gzip:   0.23 kB
00:05:27 [vite] dist/_astro/sofa.C_g4J-aA.js                                                       0.35 kB │ gzip:   0.22 kB
00:05:27 [vite] dist/_astro/square-mouse-pointer.WRNjIBdE.js                                       0.35 kB │ gzip:   0.27 kB
00:05:27 [vite] dist/_astro/footer.proto.-octu-W2.js                                               0.35 kB │ gzip:   0.26 kB
00:05:27 [vite] dist/_astro/briefcase-conveyor-belt.TM7A7_4a.js                                    0.35 kB │ gzip:   0.24 kB
00:05:27 [vite] dist/_astro/chart-network.D1yRZ7Dp.js                                              0.35 kB │ gzip:   0.25 kB
00:05:27 [vite] dist/_astro/circle-parking-off.CRQ9Zpnc.js                                         0.35 kB │ gzip:   0.25 kB
00:05:27 [vite] dist/_astro/file-digit.teRPE8y-.js                                                 0.35 kB │ gzip:   0.26 kB
00:05:27 [vite] dist/_astro/key-round.XcNtlVDS.js                                                  0.35 kB │ gzip:   0.26 kB
00:05:27 [vite] dist/_astro/lamp-wall-down.Cp1-LZpf.js                                             0.35 kB │ gzip:   0.24 kB
00:05:27 [vite] dist/_astro/printer-check.Do36HvKt.js                                              0.35 kB │ gzip:   0.23 kB
00:05:27 [vite] dist/_astro/replace.Bai5xpTT.js                                                    0.35 kB │ gzip:   0.23 kB
00:05:27 [vite] dist/_astro/route-off.DgSZNDz0.js                                                  0.35 kB │ gzip:   0.25 kB
00:05:27 [vite] dist/_astro/scan-face.3gSdQFKz.js                                                  0.35 kB │ gzip:   0.21 kB
00:05:27 [vite] dist/_astro/popcorn.D4g6t1ew.js                                                    0.35 kB │ gzip:   0.24 kB
00:05:27 [vite] dist/_astro/ruler.CuOHZNhO.js                                                      0.35 kB │ gzip:   0.22 kB
00:05:27 [vite] dist/_astro/beef.B5ZlMLYt.js                                                       0.35 kB │ gzip:   0.28 kB
00:05:27 [vite] dist/_astro/calendar-fold.RzZJtLxA.js                                              0.35 kB │ gzip:   0.24 kB
00:05:27 [vite] dist/_astro/milk.hfXFk48A.js                                                       0.35 kB │ gzip:   0.24 kB
00:05:27 [vite] dist/_astro/type-outline.DUQaHTZq.js                                               0.35 kB │ gzip:   0.22 kB
00:05:27 [vite] dist/_astro/badge-plus.BKaSQfdL.js                                                 0.35 kB │ gzip:   0.24 kB
00:05:27 [vite] dist/_astro/diamond-percent.DkSXIQdv.js                                            0.35 kB │ gzip:   0.24 kB
00:05:27 [vite] dist/_astro/earth.C-buULQS.js                                                      0.35 kB │ gzip:   0.25 kB
00:05:27 [vite] dist/_astro/mail-search.Dedm6iX0.js                                                0.35 kB │ gzip:   0.26 kB
00:05:27 [vite] dist/_astro/microchip.Cni7TfHt.js                                                  0.35 kB │ gzip:   0.20 kB
00:05:27 [vite] dist/_astro/octagon.DlpojW56.js                                                    0.35 kB │ gzip:   0.22 kB
00:05:27 [vite] dist/_astro/badge-info.Cato7gkt.js                                                 0.35 kB │ gzip:   0.24 kB
00:05:27 [vite] dist/_astro/combine.CcSFoAm8.js                                                    0.35 kB │ gzip:   0.23 kB
00:05:27 [vite] dist/_astro/spline-pointer.A6XFRpXB.js                                             0.35 kB │ gzip:   0.27 kB
00:05:27 [vite] dist/_astro/crown.C7a2XyiX.js                                                      0.35 kB │ gzip:   0.25 kB
00:05:27 [vite] dist/_astro/panel-top-bottom-dashed.kjAyfSPs.js                                    0.35 kB │ gzip:   0.23 kB
00:05:27 [vite] dist/_astro/pipette.B9QDV3It.js                                                    0.35 kB │ gzip:   0.24 kB
00:05:27 [vite] dist/_astro/root.proto.CcACQM11.js                                                 0.35 kB │ gzip:   0.26 kB
00:05:27 [vite] dist/_astro/pencil-off.CU4Isl_A.js                                                 0.35 kB │ gzip:   0.26 kB
00:05:27 [vite] dist/_astro/signpost.CXrwmz8A.js                                                   0.35 kB │ gzip:   0.24 kB
00:05:27 [vite] dist/_astro/square-scissors.CYR9YxgP.js                                            0.35 kB │ gzip:   0.25 kB
00:05:27 [vite] dist/_astro/umbrella-off.DTvkfj6j.js                                               0.35 kB │ gzip:   0.25 kB
00:05:27 [vite] dist/_astro/volume-x.B7W_6GEE.js                                                   0.35 kB │ gzip:   0.26 kB
00:05:27 [vite] dist/_astro/wc-runtime.CViWe3Tm.js                                                 0.35 kB │ gzip:   0.27 kB
00:05:27 [vite] dist/_astro/badge-alert.D2TSpowQ.js                                                0.36 kB │ gzip:   0.24 kB
00:05:27 [vite] dist/_astro/file-stack.CckcEFdk.js                                                 0.36 kB │ gzip:   0.23 kB
00:05:27 [vite] dist/_astro/fire-extinguisher.BerZy5qN.js                                          0.36 kB │ gzip:   0.25 kB
00:05:27 [vite] dist/_astro/folder-heart.D-GvKUvo.js                                               0.36 kB │ gzip:   0.26 kB
00:05:27 [vite] dist/_astro/map-pin-pen.WcbMqnSK.js                                                0.36 kB │ gzip:   0.27 kB
00:05:27 [vite] dist/_astro/hard-drive.Cum9Vbn7.js                                                 0.36 kB │ gzip:   0.24 kB
00:05:27 [vite] dist/_astro/shredder.CGKYXmff.js                                                   0.36 kB │ gzip:   0.23 kB
00:05:27 [vite] dist/_astro/anvil.BKvOyuMV.js                                                      0.36 kB │ gzip:   0.22 kB
00:05:27 [vite] dist/_astro/car.2KKFAP96.js                                                        0.36 kB │ gzip:   0.27 kB
00:05:27 [vite] dist/_astro/file-chart-column.3BOmru1i.js                                          0.36 kB │ gzip:   0.25 kB
00:05:27 [vite] dist/_astro/hand-coins.BuOBupDT.js                                                 0.36 kB │ gzip:   0.27 kB
00:05:27 [vite] dist/_astro/printer-x.ArRXRsGv.js                                                  0.36 kB │ gzip:   0.24 kB
00:05:27 [vite] dist/_astro/sun.BWduWjtu.js                                                        0.36 kB │ gzip:   0.21 kB
00:05:27 [vite] dist/_astro/sun-dim.Df8mfZEl.js                                                    0.36 kB │ gzip:   0.20 kB
00:05:27 [vite] dist/_astro/swatch-book.C7Eb4v86.js                                                0.36 kB │ gzip:   0.25 kB
00:05:27 [vite] dist/_astro/square-centerline-dashed-vertical.DYvowRPx.js                          0.36 kB │ gzip:   0.24 kB
00:05:27 [vite] dist/_astro/baby.BvFSOa9T.js                                                       0.36 kB │ gzip:   0.25 kB
00:05:27 [vite] dist/_astro/badge-turkish-lira.DBwIDliU.js                                         0.36 kB │ gzip:   0.24 kB
00:05:27 [vite] dist/_astro/message-circle-question-mark.hiFRREur.js                               0.36 kB │ gzip:   0.28 kB
00:05:27 [vite] dist/_astro/panel-left-right-dashed.AG_EZsye.js                                    0.36 kB │ gzip:   0.23 kB
00:05:27 [vite] dist/_astro/square-centerline-dashed-horizontal.BqdRWksi.js                        0.36 kB │ gzip:   0.24 kB
00:05:27 [vite] dist/_astro/bus.DuTPoVeR.js                                                        0.36 kB │ gzip:   0.25 kB
00:05:27 [vite] dist/_astro/message-circle-off.TBGQdx6S.js                                         0.36 kB │ gzip:   0.27 kB
00:05:27 [vite] dist/_astro/paintbrush-vertical.DCNZDSk9.js                                        0.36 kB │ gzip:   0.24 kB
00:05:27 [vite] dist/_astro/text-cursor-input.j_GGWHgM.js                                          0.36 kB │ gzip:   0.23 kB
00:05:27 [vite] dist/_astro/badge-percent.ycNbsqTB.js                                              0.36 kB │ gzip:   0.23 kB
00:05:27 [vite] dist/_astro/car-taxi-front.DXDuZy_k.js                                             0.36 kB │ gzip:   0.26 kB
00:05:27 [vite] dist/_astro/chess-rook.CJDkWxMr.js                                                 0.36 kB │ gzip:   0.23 kB
00:05:27 [vite] dist/_astro/forklift.Bmy56klx.js                                                   0.36 kB │ gzip:   0.24 kB
00:05:27 [vite] dist/_astro/toolbox.BvmhoAin.js                                                    0.36 kB │ gzip:   0.22 kB
00:05:27 [vite] dist/_astro/file-image.DUIQSkhe.js                                                 0.36 kB │ gzip:   0.27 kB
00:05:27 [vite] dist/_astro/hand-metal.B3RAWe9c.js                                                 0.36 kB │ gzip:   0.25 kB
00:05:27 [vite] dist/_astro/scan-heart.CorGGUNj.js                                                 0.36 kB │ gzip:   0.24 kB
00:05:27 [vite] dist/_astro/sticker.B1Klhsv3.js                                                    0.36 kB │ gzip:   0.24 kB
00:05:27 [vite] dist/_astro/fence.Cef3pb1z.js                                                      0.36 kB │ gzip:   0.20 kB
00:05:27 [vite] dist/_astro/ferris-wheel._MXqdZuF.js                                               0.36 kB │ gzip:   0.24 kB
00:05:27 [vite] dist/_astro/package-minus.6XcXJKT0.js                                              0.36 kB │ gzip:   0.26 kB
00:05:27 [vite] dist/_astro/badge-russian-ruble.BmYrJBc4.js                                        0.36 kB │ gzip:   0.25 kB
00:05:27 [vite] dist/_astro/bell-ring.7JcUmm9J.js                                                  0.36 kB │ gzip:   0.27 kB
00:05:27 [vite] dist/_astro/medal.Ch1euJet.js                                                      0.36 kB │ gzip:   0.25 kB
00:05:27 [vite] dist/_astro/mouse-pointer-2-off.7TW88Nmr.js                                        0.36 kB │ gzip:   0.28 kB
00:05:27 [vite] dist/_astro/shield-user.5znXG4RN.js                                                0.36 kB │ gzip:   0.28 kB
00:05:27 [vite] dist/_astro/axe.ClF0NUVQ.js                                                        0.37 kB │ gzip:   0.26 kB
00:05:27 [vite] dist/_astro/van.JQjS0zk3.js                                                        0.37 kB │ gzip:   0.25 kB
00:05:27 [vite] dist/_astro/clock-fading.CiioEzLV.js                                               0.37 kB │ gzip:   0.24 kB
00:05:27 [vite] dist/_astro/file-sliders.DpAyWigV.js                                               0.37 kB │ gzip:   0.24 kB
00:05:27 [vite] dist/_astro/heart-off.C8XZLXXt.js                                                  0.37 kB │ gzip:   0.27 kB
00:05:27 [vite] dist/_astro/helicopter.99XT0uY6.js                                                 0.37 kB │ gzip:   0.23 kB
00:05:27 [vite] dist/_astro/messages-square.D3B71E6T.js                                            0.37 kB │ gzip:   0.26 kB
00:05:27 [vite] dist/_astro/badge-swiss-franc.PS6CL98I.js                                          0.37 kB │ gzip:   0.24 kB
00:05:27 [vite] dist/_astro/droplets.CzksXmbV.js                                                   0.37 kB │ gzip:   0.28 kB
00:05:27 [vite] dist/_astro/file-archive.BKStbxkz.js                                               0.37 kB │ gzip:   0.26 kB
00:05:27 [vite] dist/_astro/save-all.--kxTbIm.js                                                   0.37 kB │ gzip:   0.24 kB
00:05:27 [vite] dist/_astro/wine-off.BW4JcXoG.js                                                   0.37 kB │ gzip:   0.28 kB
00:05:27 [vite] dist/_astro/chess-bishop.DqGrXiuP.js                                               0.37 kB │ gzip:   0.27 kB
00:05:27 [vite] dist/_astro/hand.UO_k-FtB.js                                                       0.37 kB │ gzip:   0.24 kB
00:05:27 [vite] dist/_astro/server-crash.z9GT4wls.js                                               0.37 kB │ gzip:   0.22 kB
00:05:27 [vite] dist/_astro/worm.M0zTDqc1.js                                                       0.37 kB │ gzip:   0.27 kB
00:05:27 [vite] dist/_astro/root.proto.DK8lo3AU.js                                                 0.37 kB │ gzip:   0.28 kB
00:05:27 [vite] dist/_astro/bot-message-square.BBN-Tz9X.js                                         0.37 kB │ gzip:   0.25 kB
00:05:27 [vite] dist/_astro/kayak.DAL5cn8W.js                                                      0.37 kB │ gzip:   0.25 kB
00:05:27 [vite] dist/_astro/spotlight.DamJl5uQ.js                                                  0.37 kB │ gzip:   0.26 kB
00:05:27 [vite] dist/_astro/demo-brutalist-hover-card.demo.D2o6seiS.js                             0.37 kB │ gzip:   0.22 kB
00:05:27 [vite] dist/_astro/database-backup.CKN0Oewa.js                                            0.37 kB │ gzip:   0.27 kB
00:05:27 [vite] dist/_astro/file-heart.B8HBXNZU.js                                                 0.37 kB │ gzip:   0.26 kB
00:05:27 [vite] dist/_astro/map-pin-house.Cbho7k26.js                                              0.37 kB │ gzip:   0.27 kB
00:05:27 [vite] dist/_astro/shield-ellipsis.BLo-Lywf.js                                            0.37 kB │ gzip:   0.26 kB
00:05:27 [vite] dist/_astro/tickets-plane.CscuUHzm.js                                              0.37 kB │ gzip:   0.27 kB
00:05:27 [vite] dist/_astro/volume-2.CPwdBmAI.js                                                   0.37 kB │ gzip:   0.26 kB
00:05:27 [vite] dist/_astro/calendar-days.6jj18g7o.js                                              0.37 kB │ gzip:   0.22 kB
00:05:27 [vite] dist/_astro/cherry.D8_rrS61.js                                                     0.37 kB │ gzip:   0.25 kB
00:05:27 [vite] dist/_astro/mail-question-mark.BBed7N3l.js                                         0.37 kB │ gzip:   0.28 kB
00:05:27 [vite] dist/_astro/root.proto.DPuIUkRq.js                                                 0.37 kB │ gzip:   0.28 kB
00:05:27 [vite] dist/_astro/factory.nU7CmDht.js                                                    0.37 kB │ gzip:   0.23 kB
00:05:27 [vite] dist/_astro/folder-pen.BTe9bCSj.js                                                 0.37 kB │ gzip:   0.27 kB
00:05:27 [vite] dist/_astro/package-check.D-eEF49n.js                                              0.37 kB │ gzip:   0.26 kB
00:05:27 [vite] dist/_astro/waves-arrow-up.DwEAIRH-.js                                             0.37 kB │ gzip:   0.22 kB
00:05:27 [vite] dist/_astro/book-open-text.JtXetndn.js                                             0.37 kB │ gzip:   0.23 kB
00:05:27 [vite] dist/_astro/hammer.C8Igkr8s.js                                                     0.37 kB │ gzip:   0.27 kB
00:05:27 [vite] dist/_astro/sun-medium.C-qllIZJ.js                                                 0.37 kB │ gzip:   0.22 kB
00:05:27 [vite] dist/_astro/barrel.B_X24Jaz.js                                                     0.37 kB │ gzip:   0.22 kB
00:05:27 [vite] dist/_astro/cloud-moon-rain.C4nOeKsx.js                                            0.37 kB │ gzip:   0.28 kB
00:05:27 [vite] dist/_astro/file-spreadsheet.BwuzVN2R.js                                           0.37 kB │ gzip:   0.24 kB
00:05:27 [vite] dist/_astro/flashlight-off.DTKL6wqU.js                                             0.37 kB │ gzip:   0.26 kB
00:05:27 [vite] dist/_astro/headphone-off.CxhbjtaP.js                                              0.37 kB │ gzip:   0.25 kB
00:05:27 [vite] dist/_astro/squirrel.CMnAZPuq.js                                                   0.37 kB │ gzip:   0.26 kB
00:05:27 [vite] dist/_astro/align-center-vertical.DAgihLoi.js                                      0.38 kB │ gzip:   0.24 kB
00:05:27 [vite] dist/_astro/badge-dollar-sign.VUAAx5O4.js                                          0.38 kB │ gzip:   0.25 kB
00:05:27 [vite] dist/_astro/brush-cleaning.Nt8C2h9q.js                                             0.38 kB │ gzip:   0.25 kB
00:05:27 [vite] dist/_astro/file-headphone.C-Wy9V_N.js                                             0.38 kB │ gzip:   0.25 kB
00:05:27 [vite] dist/_astro/hamburger.CA8yjmyv.js                                                  0.38 kB │ gzip:   0.25 kB
00:05:27 [vite] dist/_astro/hotel.Ds_7LZ01.js                                                      0.38 kB │ gzip:   0.23 kB
00:05:27 [vite] dist/_astro/map-pinned.CwQP1aIv.js                                                 0.38 kB │ gzip:   0.29 kB
00:05:27 [vite] dist/_astro/radio-tower.CQbu3Cyr.js                                                0.38 kB │ gzip:   0.26 kB
00:05:27 [vite] dist/_astro/file-signal.DmkpVZOP.js                                                0.38 kB │ gzip:   0.25 kB
00:05:27 [vite] dist/_astro/unplug.CIqFvqVp.js                                                     0.38 kB │ gzip:   0.24 kB
00:05:27 [vite] dist/_astro/zap-off.Cy9Zz-KC.js                                                    0.38 kB │ gzip:   0.27 kB
00:05:27 [vite] dist/_astro/mouse-pointer-click.QeQz35d2.js                                        0.38 kB │ gzip:   0.27 kB
00:05:27 [vite] dist/_astro/wifi-pen.D8BZ8uN7.js                                                   0.38 kB │ gzip:   0.27 kB
00:05:27 [vite] dist/_astro/file-type.Dd19dOcA.js                                                  0.38 kB │ gzip:   0.25 kB
00:05:27 [vite] dist/_astro/siren.CUhOqa1u.js                                                      0.38 kB │ gzip:   0.23 kB
00:05:27 [vite] dist/_astro/sparkle.Cc0oge2y.js                                                    0.38 kB │ gzip:   0.23 kB
00:05:27 [vite] dist/_astro/alarm-smoke.mCUZxUgO.js                                                0.38 kB │ gzip:   0.23 kB
00:05:27 [vite] dist/_astro/align-center-horizontal.CfSaNOyx.js                                    0.38 kB │ gzip:   0.24 kB
00:05:27 [vite] dist/_astro/cake.DZAME2BA.js                                                       0.38 kB │ gzip:   0.22 kB
00:05:27 [vite] dist/_astro/calendar-heart.epMSgx5s.js                                             0.38 kB │ gzip:   0.26 kB
00:05:27 [vite] dist/_astro/file-chart-column-increasing.B93EFQ1w.js                               0.38 kB │ gzip:   0.26 kB
00:05:27 [vite] dist/_astro/folder-sync.CEce_NwY.js                                                0.38 kB │ gzip:   0.25 kB
00:05:27 [vite] dist/_astro/magnet.DR_jvkBh.js                                                     0.38 kB │ gzip:   0.23 kB
00:05:27 [vite] dist/_astro/file-type-corner.Z_S2Etu2.js                                           0.38 kB │ gzip:   0.26 kB
00:05:27 [vite] dist/_astro/quote.CrFMq20b.js                                                      0.38 kB │ gzip:   0.19 kB
00:05:27 [vite] dist/_astro/radio-off.G8vpp6sU.js                                                  0.38 kB │ gzip:   0.25 kB
00:05:27 [vite] dist/_astro/demo-base-button.demo.W3N7RTtI.js                                      0.38 kB │ gzip:   0.23 kB
00:05:27 [vite] dist/_astro/cannabis.C55uwTEv.js                                                   0.38 kB │ gzip:   0.26 kB
00:05:27 [vite] dist/_astro/shield-question-mark.C3emlcsn.js                                       0.38 kB │ gzip:   0.29 kB
00:05:27 [vite] dist/_astro/ham.26Pct2w7.js                                                        0.38 kB │ gzip:   0.25 kB
00:05:27 [vite] dist/_astro/rotate-3d.BQ1DGiN4.js                                                  0.38 kB │ gzip:   0.29 kB
00:05:27 [vite] dist/_astro/shield-off.D0azmx67.js                                                 0.38 kB │ gzip:   0.28 kB
00:05:27 [vite] dist/_astro/shower-head.-ZTq4cP-.js                                                0.38 kB │ gzip:   0.22 kB
00:05:27 [vite] dist/_astro/demo-button-secondary-example.demo.BwC8nkDs.js                         0.38 kB │ gzip:   0.21 kB
00:05:27 [vite] dist/_astro/badge-indian-rupee.HNVP3dwT.js                                         0.38 kB │ gzip:   0.25 kB
00:05:27 [vite] dist/_astro/ear-off.DQWhFX9g.js                                                    0.38 kB │ gzip:   0.28 kB
00:05:27 [vite] dist/_astro/megaphone-off.B4Wac-l7.js                                              0.38 kB │ gzip:   0.26 kB
00:05:27 [vite] dist/_astro/sandwich.CnOn4XQF.js                                                   0.38 kB │ gzip:   0.27 kB
00:05:27 [vite] dist/_astro/train-front-tunnel.Ln-1jnhF.js                                         0.38 kB │ gzip:   0.25 kB
00:05:27 [vite] dist/_astro/description.proto.C0irgngD.js                                          0.38 kB │ gzip:   0.27 kB
00:05:27 [vite] dist/_astro/cloud-sun-rain.CZ9hUujE.js                                             0.38 kB │ gzip:   0.25 kB
00:05:27 [vite] dist/_astro/image-upscale.DOY0olwg.js                                              0.38 kB │ gzip:   0.26 kB
00:05:27 [vite] dist/_astro/map-minus.Lb_spOks.js                                                  0.38 kB │ gzip:   0.26 kB
00:05:27 [vite] dist/_astro/wifi-off.EtwWBfRz.js                                                   0.38 kB │ gzip:   0.24 kB
00:05:27 [vite] dist/_astro/camera-off.BUD0GfEN.js                                                 0.39 kB │ gzip:   0.27 kB
00:05:27 [vite] dist/_astro/school.Do9nyG-J.js                                                     0.39 kB │ gzip:   0.26 kB
00:05:27 [vite] dist/_astro/title.proto.DLARaGBF.js                                                0.39 kB │ gzip:   0.28 kB
00:05:27 [vite] dist/_astro/amphora.D-nr450P.js                                                    0.39 kB │ gzip:   0.25 kB
00:05:27 [vite] dist/_astro/image-off.BnQmNG0A.js                                                  0.39 kB │ gzip:   0.27 kB
00:05:27 [vite] dist/_astro/octagon-minus.CzHS_cvw.js                                              0.39 kB │ gzip:   0.25 kB
00:05:27 [vite] dist/_astro/rose.C_uymneB.js                                                       0.39 kB │ gzip:   0.28 kB
00:05:27 [vite] dist/_astro/bean-off.BJF3MUTv.js                                                   0.39 kB │ gzip:   0.28 kB
00:05:27 [vite] dist/_astro/server-off.CmeCHqWs.js                                                 0.39 kB │ gzip:   0.25 kB
00:05:27 [vite] dist/_astro/square-dashed-top-solid.CBD8VtMU.js                                    0.39 kB │ gzip:   0.22 kB
00:05:27 [vite] dist/_astro/calculator.DJnrWiZx.js                                                 0.39 kB │ gzip:   0.23 kB
00:05:27 [vite] dist/_astro/clipboard-pen.BMgMylE8.js                                              0.39 kB │ gzip:   0.29 kB
00:05:27 [vite] dist/_astro/package-plus.BhDxk2BA.js                                               0.39 kB │ gzip:   0.26 kB
00:05:27 [vite] dist/_astro/rat.Clp7JKGC.js                                                        0.39 kB │ gzip:   0.26 kB
00:05:27 [vite] dist/_astro/tags.BXaPA1xe.js                                                       0.39 kB │ gzip:   0.28 kB
00:05:27 [vite] dist/_astro/badge-question-mark.D0LlooAn.js                                        0.39 kB │ gzip:   0.27 kB
00:05:27 [vite] dist/_astro/church.Bq_Ff3ul.js                                                     0.39 kB │ gzip:   0.26 kB
00:05:27 [vite] dist/_astro/earth-lock.BgvYlGHe.js                                                 0.39 kB │ gzip:   0.27 kB
00:05:27 [vite] dist/_astro/file-play.CoxoRstm.js                                                  0.39 kB │ gzip:   0.27 kB
00:05:27 [vite] dist/_astro/flower-2._HBBKz1W.js                                                   0.39 kB │ gzip:   0.26 kB
00:05:27 [vite] dist/_astro/grape.BL84PGD2.js                                                      0.39 kB │ gzip:   0.23 kB
00:05:27 [vite] dist/_astro/house-plug.BDwIGSlI.js                                                 0.39 kB │ gzip:   0.24 kB
00:05:27 [vite] dist/_astro/message-circle-heart.CTEYqYdD.js                                       0.39 kB │ gzip:   0.29 kB
00:05:27 [vite] dist/_astro/phone-missed.DPpjeLld.js                                               0.39 kB │ gzip:   0.26 kB
00:05:27 [vite] dist/_astro/squares-subtract.C9BKTwZd.js                                           0.39 kB │ gzip:   0.23 kB
00:05:27 [vite] dist/_astro/title.proto.BDE2J3GW.js                                                0.39 kB │ gzip:   0.28 kB
00:05:27 [vite] dist/_astro/badge-pound-sterling.C7zDXugQ.js                                       0.39 kB │ gzip:   0.25 kB
00:05:27 [vite] dist/_astro/package-x.D1tm7Is6.js                                                  0.39 kB │ gzip:   0.26 kB
00:05:27 [vite] dist/_astro/description.proto.BeCTfEnr.js                                          0.39 kB │ gzip:   0.28 kB
00:05:27 [vite] dist/_astro/milk-off.DvTJszas.js                                                   0.39 kB │ gzip:   0.28 kB
00:05:27 [vite] dist/_astro/piggy-bank.CbTKato4.js                                                 0.39 kB │ gzip:   0.25 kB
00:05:27 [vite] dist/_astro/rabbit.CI0_Iu0V.js                                                     0.39 kB │ gzip:   0.27 kB
00:05:27 [vite] dist/_astro/ship-wheel.CZJOt9px.js                                                 0.39 kB │ gzip:   0.24 kB
00:05:27 [vite] dist/_astro/pizza.CuyJmA-w.js                                                      0.39 kB │ gzip:   0.26 kB
00:05:27 [vite] dist/_astro/badge-japanese-yen.BG7FErVZ.js                                         0.39 kB │ gzip:   0.25 kB
00:05:27 [vite] dist/_astro/carrot.qNXpn-iu.js                                                     0.39 kB │ gzip:   0.27 kB
00:05:27 [vite] dist/_astro/phone-incoming.Bxg-wlVH.js                                             0.39 kB │ gzip:   0.27 kB
00:05:27 [vite] dist/_astro/scan-eye.ESwDM-dS.js                                                   0.39 kB │ gzip:   0.25 kB
00:05:27 [vite] dist/_astro/scan-qr-code.wTXT2VVd.js                                               0.39 kB │ gzip:   0.25 kB
00:05:27 [vite] dist/_astro/memory-stick.R7V9b_6K.js                                               0.39 kB │ gzip:   0.22 kB
00:05:27 [vite] dist/_astro/phone-outgoing.Dxd1G54D.js                                             0.39 kB │ gzip:   0.27 kB
00:05:27 [vite] dist/_astro/eye-off.IFCsLPjc.js                                                    0.40 kB │ gzip:   0.26 kB
00:05:27 [vite] dist/_astro/save-off.CVbsL3K8.js                                                   0.40 kB │ gzip:   0.25 kB
00:05:27 [vite] dist/_astro/shrimp.DBLUqnT3.js                                                     0.40 kB │ gzip:   0.27 kB
00:05:27 [vite] dist/_astro/volleyball.C5nUuSa_.js                                                 0.40 kB │ gzip:   0.26 kB
00:05:27 [vite] dist/_astro/circle-fading-plus.zQ68urd2.js                                         0.40 kB │ gzip:   0.25 kB
00:05:27 [vite] dist/_astro/clover.Y9VDIYVs.js                                                     0.40 kB │ gzip:   0.23 kB
00:05:27 [vite] dist/_astro/heart-crack.B70s3w-h.js                                                0.40 kB │ gzip:   0.29 kB
00:05:27 [vite] dist/_astro/phone-forwarded.DW_ig2Iw.js                                            0.40 kB │ gzip:   0.27 kB
00:05:27 [vite] dist/_astro/thermometer-snowflake.BlwTfCjF.js                                      0.40 kB │ gzip:   0.27 kB
00:05:27 [vite] dist/_astro/wifi-sync.TYZ6iF12.js                                                  0.40 kB │ gzip:   0.25 kB
00:05:27 [vite] dist/_astro/value.proto.k7yX2c_m.js                                                0.40 kB │ gzip:   0.28 kB
00:05:27 [vite] dist/_astro/close.proto.tpvtlvGU.js                                                0.40 kB │ gzip:   0.27 kB
00:05:27 [vite] dist/_astro/handshake.ZrL8G7_6.js                                                  0.40 kB │ gzip:   0.26 kB
00:05:27 [vite] dist/_astro/plane-takeoff.BDMQutBq.js                                              0.40 kB │ gzip:   0.29 kB
00:05:27 [vite] dist/_astro/spray-can.D6b1DHeg.js                                                  0.40 kB │ gzip:   0.25 kB
00:05:27 [vite] dist/_astro/container.BNg8_ESy.js                                                  0.40 kB │ gzip:   0.28 kB
00:05:27 [vite] dist/_astro/layers.CiCllR2y.js                                                     0.40 kB │ gzip:   0.23 kB
00:05:27 [vite] dist/_astro/map.DczBrzHP.js                                                        0.40 kB │ gzip:   0.26 kB
00:05:27 [vite] dist/_astro/hand-grab.DMgEg57x.js                                                  0.40 kB │ gzip:   0.23 kB
00:05:27 [vite] dist/_astro/delay.XS-C7ERi.js                                                      0.40 kB │ gzip:   0.27 kB
00:05:27 [vite] dist/_astro/close.proto.DANZSHGp.js                                                0.40 kB │ gzip:   0.28 kB
00:05:27 [vite] dist/_astro/atom.Ck1mEMGp.js                                                       0.40 kB │ gzip:   0.26 kB
00:05:27 [vite] dist/_astro/file-scan.PuSyrRpx.js                                                  0.40 kB │ gzip:   0.24 kB
00:05:27 [vite] dist/_astro/octagon-x.DlhPcE5g.js                                                  0.40 kB │ gzip:   0.25 kB
00:05:27 [vite] dist/_astro/demo-brutalist-skeleton.demo.DH_RaztL.js                               0.40 kB │ gzip:   0.22 kB
00:05:27 [vite] dist/_astro/biceps-flexed.C32EjliU.js                                              0.40 kB │ gzip:   0.30 kB
00:05:27 [vite] dist/_astro/radar.BHISoiuh.js                                                      0.40 kB │ gzip:   0.26 kB
00:05:27 [vite] dist/_astro/value.proto.B6IAl2G7.js                                                0.41 kB │ gzip:   0.28 kB
00:05:27 [vite] dist/_astro/trigger.proto.DxmlVkJj.js                                              0.41 kB │ gzip:   0.27 kB
00:05:27 [vite] dist/_astro/calendar-sync.BRR1crMJ.js                                              0.41 kB │ gzip:   0.25 kB
00:05:27 [vite] dist/_astro/file-pen.C7AqYQ_8.js                                                   0.41 kB │ gzip:   0.28 kB
00:05:27 [vite] dist/_astro/map-plus.CjTr7Ysn.js                                                   0.41 kB │ gzip:   0.27 kB
00:05:27 [vite] dist/_astro/phone-call.D1PQKFg9.js                                                 0.41 kB │ gzip:   0.27 kB
00:05:27 [vite] dist/_astro/waves.BkjpOSmL.js                                                      0.41 kB │ gzip:   0.20 kB
00:05:27 [vite] dist/_astro/webhook-off.CQi6BpCc.js                                                0.41 kB │ gzip:   0.27 kB
00:05:27 [vite] dist/_astro/file-video-camera.DjMvvTHH.js                                          0.41 kB │ gzip:   0.30 kB
00:05:27 [vite] dist/_astro/solar-panel.CxPxRvG4.js                                                0.41 kB │ gzip:   0.27 kB
00:05:27 [vite] dist/_astro/plane-landing.CPk6mF1Q.js                                              0.41 kB │ gzip:   0.30 kB
00:05:27 [vite] dist/_astro/traffic-cone.C92E7ccm.js                                               0.41 kB │ gzip:   0.28 kB
00:05:27 [vite] dist/_astro/demo-brutalist-badge.demo.kegrDIX9.js                                  0.41 kB │ gzip:   0.21 kB
00:05:27 [vite] dist/_astro/octagon-pause.Evvh7Dpb.js                                              0.41 kB │ gzip:   0.25 kB
00:05:27 [vite] dist/_astro/swords.BWObR8CO.js                                                     0.41 kB │ gzip:   0.25 kB
00:05:27 [vite] dist/_astro/wc-registry.Bjlq51jF.js                                                0.41 kB │ gzip:   0.29 kB
00:05:27 [vite] dist/_astro/index.Bs0f7giH.js                                                      0.41 kB │ gzip:   0.30 kB
00:05:27 [vite] dist/_astro/package-search.BOrAPI4o.js                                             0.41 kB │ gzip:   0.29 kB
00:05:27 [vite] dist/_astro/pointer.DFJOVzFK.js                                                    0.41 kB │ gzip:   0.25 kB
00:05:27 [vite] dist/_astro/chess-king.DZWERgvw.js                                                 0.41 kB │ gzip:   0.29 kB
00:05:27 [vite] dist/_astro/circle-fading-arrow-up.CX2jDITb.js                                     0.41 kB │ gzip:   0.26 kB
00:05:27 [vite] dist/_astro/hand-platter.CSH9ryzO.js                                               0.41 kB │ gzip:   0.28 kB
00:05:27 [vite] dist/_astro/trophy.D6vPqz90.js                                                     0.41 kB │ gzip:   0.25 kB
00:05:27 [vite] dist/_astro/keyboard-off.CW4vH89g.js                                               0.41 kB │ gzip:   0.24 kB
00:05:27 [vite] dist/_astro/octagon-alert.CSgFHaHm.js                                              0.41 kB │ gzip:   0.25 kB
00:05:27 [vite] dist/_astro/beer.CT0qD02G.js                                                       0.42 kB │ gzip:   0.27 kB
00:05:27 [vite] dist/_astro/cable.sTIURr8V.js                                                      0.42 kB │ gzip:   0.24 kB
00:05:27 [vite] dist/_astro/footprints.CQqCq1xM.js                                                 0.42 kB │ gzip:   0.29 kB
00:05:27 [vite] dist/_astro/heater.DCnGBxWx.js                                                     0.42 kB │ gzip:   0.22 kB
00:05:27 [vite] dist/_astro/chess-knight.-agoHTgw.js                                               0.42 kB │ gzip:   0.28 kB
00:05:27 [vite] dist/_astro/notebook-pen.CZEYBDqA.js                                               0.42 kB │ gzip:   0.26 kB
00:05:27 [vite] dist/_astro/rocket.C1B8qYAU.js                                                     0.42 kB │ gzip:   0.29 kB
00:05:27 [vite] dist/_astro/file-badge.CeUU08od.js                                                 0.42 kB │ gzip:   0.29 kB
00:05:27 [vite] dist/_astro/cat.DA1BsSyi.js                                                        0.42 kB │ gzip:   0.29 kB
00:05:27 [vite] dist/_astro/building.CbwZv8uU.js                                                   0.42 kB │ gzip:   0.23 kB
00:05:27 [vite] dist/_astro/drill.safNAlVJ.js                                                      0.42 kB │ gzip:   0.25 kB
00:05:27 [vite] dist/_astro/tractor.Ffg4Z6AU.js                                                    0.42 kB │ gzip:   0.27 kB
00:05:27 [vite] dist/_astro/theater.iJiB7uuO.js                                                    0.42 kB │ gzip:   0.22 kB
00:05:27 [vite] dist/_astro/chart-scatter.BDwulMyk.js                                              0.43 kB │ gzip:   0.23 kB
00:05:27 [vite] dist/_astro/salad.22soxx-2.js                                                      0.43 kB │ gzip:   0.26 kB
00:05:27 [vite] dist/_astro/ship.CIIOLjxR.js                                                       0.43 kB │ gzip:   0.26 kB
00:05:27 [vite] dist/_astro/square-dashed.5nt052b1.js                                              0.43 kB │ gzip:   0.21 kB
00:05:27 [vite] dist/_astro/shovel.DT0y7B5U.js                                                     0.43 kB │ gzip:   0.28 kB
00:05:27 [vite] dist/_astro/wand-sparkles.BQYsT6S2.js                                              0.43 kB │ gzip:   0.26 kB
00:05:27 [vite] dist/_astro/phone-off.Cy2K544v.js                                                  0.43 kB │ gzip:   0.28 kB
00:05:27 [vite] dist/_astro/ambulance.CKKirWLS.js                                                  0.43 kB │ gzip:   0.28 kB
00:05:27 [vite] dist/_astro/map-pin-off.DXHyf6n0.js                                                0.43 kB │ gzip:   0.29 kB
00:05:27 [vite] dist/_astro/pointer-off.DGeXjECO.js                                                0.43 kB │ gzip:   0.28 kB
00:05:27 [vite] dist/_astro/tree-palm.UUYNX_vc.js                                                  0.43 kB │ gzip:   0.30 kB
00:05:27 [vite] dist/_astro/volume-off.Dli9KPn5.js                                                 0.43 kB │ gzip:   0.29 kB
00:05:27 [vite] dist/_astro/demo-base-separator.demo.zICMp-Mq.js                                   0.43 kB │ gzip:   0.25 kB
00:05:27 [vite] dist/_astro/dam.CZZ8SMI4.js                                                        0.43 kB │ gzip:   0.24 kB
00:05:27 [vite] dist/_astro/pen-tool.Wk2lwbuV.js                                                   0.43 kB │ gzip:   0.28 kB
00:05:27 [vite] dist/_astro/refresh-cw-off.4EICb2JB.js                                             0.43 kB │ gzip:   0.28 kB
00:05:27 [vite] dist/_astro/unlink.Dg5D1sio.js                                                     0.43 kB │ gzip:   0.27 kB
00:05:27 [vite] dist/_astro/drone.BJn2bJWy.js                                                      0.43 kB │ gzip:   0.26 kB
00:05:27 [vite] dist/_astro/vector-square.DlbiTTYK.js                                              0.43 kB │ gzip:   0.23 kB
00:05:27 [vite] dist/_astro/waves-arrow-down.BmYTMn5i.js                                           0.43 kB │ gzip:   0.28 kB
00:05:27 [vite] dist/_astro/file-pen-line.1O2fE-KX.js                                              0.44 kB │ gzip:   0.29 kB
00:05:27 [vite] dist/_astro/message-square-dashed.BnD6xzkC.js                                      0.44 kB │ gzip:   0.26 kB
00:05:27 [vite] dist/_astro/sun-snow.83oB8nah.js                                                   0.44 kB │ gzip:   0.25 kB
00:05:27 [vite] dist/_astro/key-square.DnApf5vW.js                                                 0.44 kB │ gzip:   0.27 kB
00:05:27 [vite] dist/_astro/brick-wall-fire.DRa9FFOC.js                                            0.44 kB │ gzip:   0.28 kB
00:05:27 [vite] dist/_astro/file-braces.Ct_lz6T1.js                                                0.44 kB │ gzip:   0.26 kB
00:05:27 [vite] dist/_astro/layers-plus.BRoK_O9F.js                                                0.44 kB │ gzip:   0.26 kB
00:05:27 [vite] dist/_astro/leafy-green.CVSmKHSc.js                                                0.44 kB │ gzip:   0.30 kB
00:05:27 [vite] dist/_astro/origami.CCSbNk2l.js                                                    0.44 kB │ gzip:   0.30 kB
00:05:27 [vite] dist/_astro/index.BBtEYZOD.js                                                      0.44 kB │ gzip:   0.27 kB
00:05:27 [vite] dist/_astro/cctv.BPfYDyrS.js                                                       0.44 kB │ gzip:   0.28 kB
00:05:27 [vite] dist/_astro/file-braces-corner.CEUCOlna.js                                         0.44 kB │ gzip:   0.26 kB
00:05:27 [vite] dist/_astro/table-columns-split.JGGqZnV8.js                                        0.44 kB │ gzip:   0.24 kB
00:05:27 [vite] dist/_astro/file-chart-pie.BqKQWqRT.js                                             0.44 kB │ gzip:   0.30 kB
00:05:27 [vite] dist/_astro/table-rows-split.4Bw_Y2KH.js                                           0.44 kB │ gzip:   0.24 kB
00:05:27 [vite] dist/_astro/clipboard-pen-line.Dy7HdUxb.js                                         0.44 kB │ gzip:   0.30 kB
00:05:27 [vite] dist/_astro/university.CKbVeTQr.js                                                 0.44 kB │ gzip:   0.27 kB
00:05:27 [vite] dist/_astro/cpu.DHQrU-vP.js                                                        0.44 kB │ gzip:   0.21 kB
00:05:27 [vite] dist/_astro/lamp-desk.CAcOlCMS.js                                                  0.44 kB │ gzip:   0.28 kB
00:05:27 [vite] dist/_astro/palette.vEgOPKP7.js                                                    0.45 kB │ gzip:   0.26 kB
00:05:27 [vite] dist/_astro/panda.BT9jHeef.js                                                      0.45 kB │ gzip:   0.29 kB
00:05:27 [vite] dist/_astro/truck-electric.DJL2La8k.js                                             0.45 kB │ gzip:   0.28 kB
00:05:27 [vite] dist/_astro/demo-brutalist-toggle.demo.Cb3NnrzO.js                                 0.45 kB │ gzip:   0.22 kB
00:05:27 [vite] dist/_astro/folder-tree.C-5rVc2C.js                                                0.45 kB │ gzip:   0.25 kB
00:05:27 [vite] dist/_astro/soap-dispenser-droplet.BUYGp0xE.js                                     0.45 kB │ gzip:   0.31 kB
00:05:27 [vite] dist/_astro/triangle-dashed.BXQglzqe.js                                            0.45 kB │ gzip:   0.27 kB
00:05:27 [vite] dist/_astro/book-dashed.YqAkLHYb.js                                                0.45 kB │ gzip:   0.25 kB
00:05:27 [vite] dist/_astro/sparkles.BUwdz59A.js                                                   0.45 kB │ gzip:   0.27 kB
00:05:27 [vite] dist/_astro/demo-button-sizes.demo.BTP1TrDr.js                                     0.45 kB │ gzip:   0.23 kB
00:05:27 [vite] dist/_astro/replace-all.RY2rGEw-.js                                                0.46 kB │ gzip:   0.25 kB
00:05:27 [vite] dist/_astro/list.proto.DpFDsIOJ.js                                                 0.46 kB │ gzip:   0.33 kB
00:05:27 [vite] dist/_astro/flower.BABaToNK.js                                                     0.46 kB │ gzip:   0.25 kB
00:05:27 [vite] dist/_astro/soup.DGaBZM0-.js                                                       0.46 kB │ gzip:   0.25 kB
00:05:27 [vite] dist/_astro/chess-queen.BfsucYgX.js                                                0.46 kB │ gzip:   0.29 kB
00:05:27 [vite] dist/_astro/hand-heart.BgHjp3YC.js                                                 0.46 kB │ gzip:   0.32 kB
00:05:27 [vite] dist/_astro/drama.BxwGaLuW.js                                                      0.47 kB │ gzip:   0.29 kB
00:05:27 [vite] dist/_astro/message-square-heart.Dh9tXrdO.js                                       0.47 kB │ gzip:   0.32 kB
00:05:27 [vite] dist/_astro/circle-star.-RdA1PNh.js                                                0.47 kB │ gzip:   0.31 kB
00:05:27 [vite] dist/_astro/heart-handshake.wxe41x8f.js                                            0.47 kB │ gzip:   0.31 kB
00:05:27 [vite] dist/_astro/qr-code.CGpiXW2F.js                                                    0.47 kB │ gzip:   0.25 kB
00:05:27 [vite] dist/_astro/star.C1IBCN8Y.js                                                       0.47 kB │ gzip:   0.29 kB
00:05:27 [vite] dist/_astro/settings.CNcgrVPD.js                                                   0.48 kB │ gzip:   0.26 kB
00:05:27 [vite] dist/_astro/store.2gCFUnd_.js                                                      0.48 kB │ gzip:   0.28 kB
00:05:27 [vite] dist/_astro/dna-off.tQHm_Np4.js                                                    0.48 kB │ gzip:   0.29 kB
00:05:27 [vite] dist/_astro/globe-off.T-GSAjHh.js                                                  0.48 kB │ gzip:   0.27 kB
00:05:27 [vite] dist/_astro/cctv-off.DWNsn2t9.js                                                   0.48 kB │ gzip:   0.31 kB
00:05:27 [vite] dist/_astro/notepad-text-dashed.BC6epCz3.js                                        0.48 kB │ gzip:   0.24 kB
00:05:27 [vite] dist/_astro/snowflake.DvtJzZJK.js                                                  0.48 kB │ gzip:   0.27 kB
00:05:27 [vite] dist/_astro/square-star.DcLXr9Kp.js                                                0.48 kB │ gzip:   0.32 kB
00:05:27 [vite] dist/_astro/brain.BoI9Wnb5.js                                                      0.48 kB │ gzip:   0.27 kB
00:05:27 [vite] dist/_astro/file-volume.C0a3guuT.js                                                0.48 kB │ gzip:   0.30 kB
00:05:27 [vite] dist/_astro/cog.y_znE4x-.js                                                        0.49 kB │ gzip:   0.25 kB
00:05:27 [vite] dist/_astro/bow-arrow.CrqKXWia.js                                                  0.49 kB │ gzip:   0.31 kB
00:05:27 [vite] dist/_astro/demo-button-states.demo.DDZvGYwH.js                                    0.49 kB │ gzip:   0.23 kB
00:05:27 [vite] dist/_astro/circle-dashed.Rp39VFIw.js                                              0.49 kB │ gzip:   0.26 kB
00:05:27 [vite] dist/_astro/dna.BGGXn80W.js                                                        0.49 kB │ gzip:   0.27 kB
00:05:27 [vite] dist/_astro/tool-case.BwTN6cPN.js                                                  0.49 kB │ gzip:   0.32 kB
00:05:27 [vite] dist/_astro/bug.DTYFkfDy.js                                                        0.49 kB │ gzip:   0.27 kB
00:05:27 [vite] dist/_astro/file-box.DCLG0YQw.js                                                   0.49 kB │ gzip:   0.30 kB
00:05:27 [vite] dist/_astro/guitar.BGGW1jUM.js                                                     0.49 kB │ gzip:   0.30 kB
00:05:27 [vite] dist/_astro/hand-fist.BI8rEKIz.js                                                  0.49 kB │ gzip:   0.31 kB
00:05:27 [vite] dist/_astro/index.DU34Ht_W.js                                                      0.50 kB │ gzip:   0.27 kB
00:05:27 [vite] dist/_astro/list.proto.B1Gex1tU.js                                                 0.50 kB │ gzip:   0.35 kB
00:05:27 [vite] dist/_astro/lasso-select.Do4wK5XJ.js                                               0.50 kB │ gzip:   0.32 kB
00:05:27 [vite] dist/_astro/radiation.rZuwFGwg.js                                                  0.50 kB │ gzip:   0.29 kB
00:05:27 [vite] dist/_astro/beef-off.bfGOfGLD.js                                                   0.50 kB │ gzip:   0.32 kB
00:05:27 [vite] dist/_astro/binoculars._3djBpGq.js                                                 0.50 kB │ gzip:   0.26 kB
00:05:27 [vite] dist/_astro/pencil-ruler.CsU8txTD.js                                               0.50 kB │ gzip:   0.31 kB
00:05:27 [vite] dist/_astro/zodiac-aquarius.LldTpdMB.js                                            0.50 kB │ gzip:   0.25 kB
00:05:27 [vite] dist/_astro/squares-intersect.D37bWwXi.js                                          0.50 kB │ gzip:   0.25 kB
00:05:27 [vite] dist/_astro/star-off.YfwoxFed.js                                                   0.50 kB │ gzip:   0.31 kB
00:05:27 [vite] dist/_astro/user-cog.B5rscjwz.js                                                   0.50 kB │ gzip:   0.28 kB
00:05:27 [vite] dist/_astro/square-dashed-text.DHugoC9V.js                                         0.50 kB │ gzip:   0.24 kB
00:05:27 [vite] dist/_astro/user-star.DGpwjwmz.js                                                  0.50 kB │ gzip:   0.32 kB
00:05:27 [vite] dist/_astro/square-dashed-kanban.CXNgr3ds.js                                       0.51 kB │ gzip:   0.25 kB
00:05:27 [vite] dist/_astro/columns-3-cog.SAdJOEGC.js                                              0.51 kB │ gzip:   0.29 kB
00:05:27 [vite] dist/_astro/dumbbell.CzOiTeje.js                                                   0.51 kB │ gzip:   0.28 kB
00:05:27 [vite] dist/_astro/vault.CHcKqJJ4.js                                                      0.51 kB │ gzip:   0.26 kB
00:05:27 [vite] dist/_astro/demo-brutalist-dropdown-menu.demo.BJKVgrwz.js                          0.52 kB │ gzip:   0.22 kB
00:05:27 [vite] dist/_astro/fingerprint-pattern.DGNXO3Lv.js                                        0.52 kB │ gzip:   0.32 kB
00:05:27 [vite] dist/_astro/square-dashed-mouse-pointer.CpEHxtLP.js                                0.52 kB │ gzip:   0.31 kB
00:05:27 [vite] dist/_astro/user-round-cog.LFBumhpa.js                                             0.52 kB │ gzip:   0.29 kB
00:05:27 [vite] dist/_astro/candy.DdLpL-0H.js                                                      0.52 kB │ gzip:   0.28 kB
00:05:27 [vite] dist/_astro/recycle.Wldtysdn.js                                                    0.52 kB │ gzip:   0.32 kB
00:05:27 [vite] dist/_astro/paintbrush.CF8QwITp.js                                                 0.52 kB │ gzip:   0.33 kB
00:05:27 [vite] dist/_astro/message-circle-dashed.D0KllFXp.js                                      0.52 kB │ gzip:   0.29 kB
00:05:27 [vite] dist/_astro/paint-bucket.DPWn73Yx.js                                               0.52 kB │ gzip:   0.33 kB
00:05:27 [vite] dist/_astro/as-focus-scope.CdTiTfRJ.js                                             0.52 kB │ gzip:   0.28 kB
00:05:27 [vite] dist/_astro/beer-off.CHykBBSx.js                                                   0.53 kB │ gzip:   0.33 kB
00:05:27 [vite] dist/_astro/demo-base-toggle.demo.B0C9rouZ.js                                      0.53 kB │ gzip:   0.24 kB
00:05:27 [vite] dist/_astro/bug-play.DicvRmj_.js                                                   0.53 kB │ gzip:   0.30 kB
00:05:27 [vite] dist/_astro/ribbon.WQvaj-7i.js                                                     0.53 kB │ gzip:   0.33 kB
00:05:27 [vite] dist/_astro/telescope.DByOq-pk.js                                                  0.54 kB │ gzip:   0.34 kB
00:05:27 [vite] dist/_astro/bug-off.CMXsrtk9.js                                                    0.54 kB │ gzip:   0.29 kB
00:05:27 [vite] dist/_astro/circle-dot-dashed.BV63PeKS.js                                          0.54 kB │ gzip:   0.29 kB
00:05:27 [vite] dist/_astro/gamepad-2.CEBnCiW1.js                                                  0.54 kB │ gzip:   0.36 kB
00:05:27 [vite] dist/_astro/cloud-cog.jt50ycpH.js                                                  0.55 kB │ gzip:   0.30 kB
00:05:27 [vite] dist/_astro/croissant.Br9DrbaW.js                                                  0.55 kB │ gzip:   0.31 kB
00:05:27 [vite] dist/_astro/squircle-dashed.CIDuTAXg.js                                            0.55 kB │ gzip:   0.31 kB
00:05:27 [vite] dist/_astro/package-open.VEkPqiOD.js                                               0.55 kB │ gzip:   0.32 kB
00:05:27 [vite] dist/_astro/fish.CH1KkSw5.js                                                       0.55 kB │ gzip:   0.35 kB
00:05:27 [vite] dist/_astro/monitor-cog.Bam3P26E.js                                                0.55 kB │ gzip:   0.30 kB
00:05:27 [vite] dist/_astro/style.B_sxj7O0.js                                                      0.56 kB │ gzip:   0.27 kB
00:05:27 [vite] dist/_astro/pickaxe.DJAuX4P5.js                                                    0.56 kB │ gzip:   0.32 kB
00:05:27 [vite] dist/_astro/biohazard.BycdbXfc.js                                                  0.56 kB │ gzip:   0.33 kB
00:05:27 [vite] dist/_astro/brick-wall-shield.DJx-v9H5.js                                          0.56 kB │ gzip:   0.34 kB
00:05:27 [vite] dist/_astro/folder-cog.CfjAE5sH.js                                                 0.56 kB │ gzip:   0.31 kB
00:05:27 [vite] dist/_astro/satellite.6JIo9zc9.js                                                  0.56 kB │ gzip:   0.28 kB
00:05:27 [vite] dist/_astro/demo-brutalist-card.demo.DXEFXwHT.js                                   0.56 kB │ gzip:   0.28 kB
00:05:27 [vite] dist/_astro/content.proto.DBwbf8U0.js                                              0.57 kB │ gzip:   0.37 kB
00:05:27 [vite] dist/_astro/nut.oOmFxA28.js                                                        0.57 kB │ gzip:   0.37 kB
00:05:27 [vite] dist/_astro/wifi-cog.jOaabggO.js                                                   0.57 kB │ gzip:   0.31 kB
00:05:27 [vite] dist/_astro/demo-brutalist-tooltip.demo.BcwprKIA.js                                0.57 kB │ gzip:   0.31 kB
00:05:27 [vite] dist/_astro/puzzle.CMxUcLL9.js                                                     0.58 kB │ gzip:   0.27 kB
00:05:27 [vite] dist/_astro/candy-off.e8FWi-G3.js                                                  0.58 kB │ gzip:   0.30 kB
00:05:27 [vite] dist/_astro/cannabis-off.BiamAcOo.js                                               0.58 kB │ gzip:   0.38 kB
00:05:27 [vite] dist/_astro/calendar-cog.4MDmVh6n.js                                               0.59 kB │ gzip:   0.31 kB
00:05:27 [vite] dist/_astro/dog.Blo2PhcB.js                                                        0.59 kB │ gzip:   0.38 kB
00:05:27 [vite] dist/_astro/privileged.DwgS2NQd.js                                                 0.60 kB │ gzip:   0.32 kB
00:05:27 [vite] dist/_astro/file-cog.D_hU1xDX.js                                                   0.61 kB │ gzip:   0.33 kB
00:05:27 [vite] dist/_astro/shield-cog-corner.PXo55vD9.js                                          0.61 kB │ gzip:   0.34 kB
00:05:27 [vite] dist/_astro/host-mount.exuUMkB_.js                                                 0.61 kB │ gzip:   0.33 kB
00:05:27 [vite] dist/_astro/shield-cog.C_kT3qcA.js                                                 0.62 kB │ gzip:   0.36 kB
00:05:27 [vite] dist/_astro/demo-shadcn-dropdown-menu.demo.VPCtmvQA.js                             0.63 kB │ gzip:   0.24 kB
00:05:27 [vite] dist/_astro/index.Bu_td1tb.js                                                      0.63 kB │ gzip:   0.39 kB
00:05:27 [vite] dist/_astro/brain-circuit.D0jbPDmX.js                                              0.63 kB │ gzip:   0.34 kB
00:05:27 [vite] dist/_astro/party-popper.J3nXghn0.js                                               0.63 kB │ gzip:   0.37 kB
00:05:27 [vite] dist/_astro/receipt.DRrbopc2.js                                                    0.63 kB │ gzip:   0.27 kB
00:05:27 [vite] dist/_astro/receipt-text.Bu-nSZQh.js                                               0.63 kB │ gzip:   0.27 kB
00:05:27 [vite] dist/_astro/fish-off.CQ3ILv5O.js                                                   0.64 kB │ gzip:   0.41 kB
00:05:27 [vite] dist/_astro/content.proto.CyCZ5wGg.js                                              0.64 kB │ gzip:   0.41 kB
00:05:27 [vite] dist/_astro/receipt-turkish-lira.BfbVhjRX.js                                       0.64 kB │ gzip:   0.29 kB
00:05:27 [vite] dist/_astro/demo-shadcn-button.demo.Dwep4ztZ.js                                    0.64 kB │ gzip:   0.25 kB
00:05:27 [vite] dist/_astro/receipt-russian-ruble.P-LaRuId.js                                      0.65 kB │ gzip:   0.29 kB
00:05:27 [vite] dist/_astro/nut-off.ByAUl5jY.js                                                    0.65 kB │ gzip:   0.41 kB
00:05:27 [vite] dist/_astro/receipt-swiss-franc.CY7TBrBu.js                                        0.65 kB │ gzip:   0.28 kB
00:05:27 [vite] dist/_astro/square-bottom-dashed-scissors.CIkxU3OH.js                              0.65 kB │ gzip:   0.34 kB
00:05:27 [vite] dist/_astro/demo-button-variants.demo.0lrhBvnA.js                                  0.65 kB │ gzip:   0.25 kB
00:05:27 [vite] dist/_astro/component.CLZrWrQ1.js                                                  0.66 kB │ gzip:   0.25 kB
00:05:27 [vite] dist/_astro/thumb.proto.YGockbjP.js                                                0.66 kB │ gzip:   0.37 kB
00:05:27 [vite] dist/_astro/receipt-indian-rupee.ChTl7-L9.js                                       0.66 kB │ gzip:   0.29 kB
00:05:27 [vite] dist/_astro/title.proto.DJWNvxSU.js                                                0.66 kB │ gzip:   0.39 kB
00:05:27 [vite] dist/_astro/demo-base-hover-card.demo.DM16HX7w.js                                  0.67 kB │ gzip:   0.37 kB
00:05:27 [vite] dist/_astro/receipt-pound-sterling.DP4tGkYl.js                                     0.67 kB │ gzip:   0.30 kB
00:05:27 [vite] dist/_astro/receipt-euro.CaYhg20V.js                                               0.67 kB │ gzip:   0.29 kB
00:05:27 [vite] dist/_astro/receipt-cent.DLkI2Qfj.js                                               0.67 kB │ gzip:   0.29 kB
00:05:27 [vite] dist/_astro/thumb.proto.tBc62ybA.js                                                0.67 kB │ gzip:   0.44 kB
00:05:27 [vite] dist/_astro/index.amuaFuUZ.js                                                      0.68 kB │ gzip:   0.39 kB
00:05:27 [vite] dist/_astro/receipt-japanese-yen.RHK58yG_.js                                       0.68 kB │ gzip:   0.29 kB
00:05:27 [vite] dist/_astro/server-cog.BGOwdC_y.js                                                 0.69 kB │ gzip:   0.32 kB
00:05:27 [vite] dist/_astro/demo-brutalist-tabs.demo.BRSA0BcN.js                                   0.69 kB │ gzip:   0.27 kB
00:05:27 [vite] dist/_astro/shared.CBK0z-Bp.js                                                     0.69 kB │ gzip:   0.36 kB
00:05:27 [vite] dist/_astro/index.Bm91EBub.js                                                      0.69 kB │ gzip:   0.41 kB
00:05:27 [vite] dist/_astro/description.proto.DYYg25mv.js                                          0.70 kB │ gzip:   0.39 kB
00:05:27 [vite] dist/_astro/boxes.Cg_v_Kc9.js                                                      0.70 kB │ gzip:   0.34 kB
00:05:27 [vite] dist/_astro/gamepad-directional.C7FMj4zJ.js                                        0.71 kB │ gzip:   0.34 kB
00:05:27 [vite] dist/_astro/demo-button.demo.ZBbbqpHS.js                                           0.71 kB │ gzip:   0.27 kB
00:05:27 [vite] dist/_astro/demo-shadcn-switch.demo.BT2pCpOI.js                                    0.72 kB │ gzip:   0.24 kB
00:05:27 [vite] dist/_astro/overlay.proto.DxNxKc2h.js                                              0.73 kB │ gzip:   0.42 kB
00:05:27 [vite] dist/_astro/thumb.proto.BFtQl9X9.js                                                0.74 kB │ gzip:   0.47 kB
00:05:27 [vite] dist/_astro/overlay.proto.B7UaHGsP.js                                              0.74 kB │ gzip:   0.43 kB
00:05:27 [vite] dist/_astro/index.BBvwZdSM.js                                                      0.75 kB │ gzip:   0.47 kB
00:05:27 [vite] dist/_astro/demo-base-switch.demo.DcwMtzqK.js                                      0.76 kB │ gzip:   0.28 kB
00:05:27 [vite] dist/_astro/demo-brutalist-separator.demo.650VQ0bG.js                              0.77 kB │ gzip:   0.39 kB
00:05:27 [vite] dist/_astro/shared.CzJglQtq.js                                                     0.77 kB │ gzip:   0.44 kB
00:05:27 [vite] dist/_astro/wheat.CAsirDxt.js                                                      0.79 kB │ gzip:   0.30 kB
00:05:27 [vite] dist/_astro/demo-shadcn-separator.demo.UDr18p_3.js                                 0.80 kB │ gzip:   0.34 kB
00:05:27 [vite] dist/_astro/wheat-off.dCpCt6ut.js                                                  0.81 kB │ gzip:   0.40 kB
00:05:27 [vite] dist/_astro/demo-brutalist-dialog.demo.Ce9qkwzo.js                                 0.82 kB │ gzip:   0.26 kB
00:05:27 [vite] dist/_astro/brain-cog.iKrKIPa5.js                                                  0.82 kB │ gzip:   0.39 kB
00:05:27 [vite] dist/_astro/demo-brutalist-select.demo.5reBA7nv.js                                 0.85 kB │ gzip:   0.38 kB
00:05:27 [vite] dist/_astro/shared.DCASj1zj.js                                                     0.86 kB │ gzip:   0.42 kB
00:05:27 [vite] dist/_astro/use-typeahead-navigation.C0ucFnXE.js                                   0.86 kB │ gzip:   0.52 kB
00:05:27 [vite] dist/_astro/hop-off.yXPsapWJ.js                                                    0.86 kB │ gzip:   0.48 kB
00:05:27 [vite] dist/_astro/demo-shadcn-tabs.demo.DSDS0c8N.js                                      0.89 kB │ gzip:   0.30 kB
00:05:27 [vite] dist/_astro/trigger.proto.iG4MEq2O.js                                              0.90 kB │ gzip:   0.49 kB
00:05:27 [vite] dist/_astro/close.proto.Dm5hP6nI.js                                                0.91 kB │ gzip:   0.49 kB
00:05:27 [vite] dist/_astro/demo-shadcn-hover-card.demo.-BoQh4Ob.js                                0.91 kB │ gzip:   0.41 kB
00:05:27 [vite] dist/_astro/index.DiOO_fzx.js                                                      0.93 kB │ gzip:   0.53 kB
00:05:27 [vite] dist/_astro/hop.CDFvpAWa.js                                                        0.93 kB │ gzip:   0.49 kB
00:05:27 [vite] dist/_astro/indicator.proto.BF64Sbja.js                                            0.93 kB │ gzip:   0.43 kB
00:05:27 [vite] dist/_astro/index.DmQrHbmj.js                                                      0.94 kB │ gzip:   0.36 kB
00:05:27 [vite] dist/_astro/index.DNtDDohH.js                                                      0.94 kB │ gzip:   0.50 kB
00:05:27 [vite] dist/_astro/demo-base-dropdown-menu.demo.DVBaJ8WL.js                               0.95 kB │ gzip:   0.36 kB
00:05:27 [vite] dist/_astro/demo-brutalist-checkbox.demo.DyWAheqV.js                               0.95 kB │ gzip:   0.36 kB
00:05:27 [vite] dist/_astro/content.proto.BJeOxUAU.js                                              0.96 kB │ gzip:   0.54 kB
00:05:27 [vite] dist/_astro/content.proto.C1NEPmc1.js                                              0.97 kB │ gzip:   0.54 kB
00:05:27 [vite] dist/_astro/value.proto.tJ2W5TJv.js                                                0.99 kB │ gzip:   0.56 kB
00:05:27 [vite] dist/_astro/demo-shadcn-dialog.demo.C2AWkR7J.js                                    1.01 kB │ gzip:   0.30 kB
00:05:27 [vite] dist/_astro/trigger.proto.Cd2NspWj.js                                              1.03 kB │ gzip:   0.57 kB
00:05:27 [vite] dist/_astro/shared.Cl5Qn7r6.js                                                     1.05 kB │ gzip:   0.46 kB
00:05:27 [vite] dist/_astro/index.DFf_naq9.js                                                      1.06 kB │ gzip:   0.58 kB
00:05:27 [vite] dist/_astro/demo-brutalist-switch.demo.BCaWKlVQ.js                                 1.10 kB │ gzip:   0.35 kB
00:05:27 [vite] dist/_astro/preload-helper.BlTxHScW.js                                             1.11 kB │ gzip:   0.65 kB
00:05:27 [vite] dist/_astro/InstallCommandCard.astro_astro_type_script_index_0_lang.DKHRsErF.js    1.13 kB │ gzip:   0.54 kB
00:05:27 [vite] dist/_astro/LanguageSelect.astro_astro_type_script_index_0_lang.DKHRsErF.js        1.13 kB │ gzip:   0.54 kB
00:05:27 [vite] dist/_astro/ThemeToggle.astro_astro_type_script_index_0_lang.DKHRsErF.js           1.13 kB │ gzip:   0.54 kB
00:05:27 [vite] dist/_astro/demo-shadcn-textarea.demo.9uK-QNH-.js                                  1.14 kB │ gzip:   0.43 kB
00:05:27 [vite] dist/_astro/index.BTMKcxis.js                                                      1.14 kB │ gzip:   0.56 kB
00:05:27 [vite] dist/_astro/demo-shadcn-select.demo.CZJ7CEIF.js                                    1.14 kB │ gzip:   0.47 kB
00:05:27 [vite] dist/_astro/demo-base-tabs.demo.BUKFt7ux.js                                        1.15 kB │ gzip:   0.36 kB
00:05:27 [vite] dist/_astro/root.proto.BXBmZdsb.js                                                 1.16 kB │ gzip:   0.60 kB
00:05:27 [vite] dist/_astro/demo-brutalist-button.demo.DK1-mSIT.js                                 1.17 kB │ gzip:   0.32 kB
00:05:27 [vite] dist/_astro/demo-shadcn-tooltip.demo.DNDzAS4x.js                                   1.18 kB │ gzip:   0.42 kB
00:05:27 [vite] dist/_astro/demo-shadcn-toggle.demo.msybFhF8.js                                    1.19 kB │ gzip:   0.32 kB
00:05:27 [vite] dist/_astro/demo-base-dialog.demo.DjdVVa8E.js                                      1.19 kB │ gzip:   0.45 kB
00:05:27 [vite] dist/_astro/CodePanel.astro_astro_type_script_index_0_lang.CX0Outbr.js             1.21 kB │ gzip:   0.57 kB
00:05:27 [vite] dist/_astro/index.CBdTwuVI.js                                                      1.21 kB │ gzip:   0.56 kB
00:05:27 [vite] dist/_astro/as-collection.DTCbuCVa.js                                              1.22 kB │ gzip:   0.60 kB
00:05:27 [vite] dist/_astro/demo-base-checkbox.demo.CsUWwEC5.js                                    1.23 kB │ gzip:   0.52 kB
00:05:27 [vite] dist/_astro/demo-base-transition.demo.DFounbTP.js                                  1.24 kB │ gzip:   0.53 kB
00:05:27 [vite] dist/_astro/AdapterSelect.astro_astro_type_script_index_0_lang.B6eGwQ3N.js         1.25 kB │ gzip:   0.58 kB
00:05:27 [vite] dist/_astro/shared.Cvhefjx3.js                                                     1.27 kB │ gzip:   0.51 kB
00:05:27 [vite] dist/_astro/close-icon.proto.C2qcEZBv.js                                           1.30 kB │ gzip:   0.69 kB
00:05:27 [vite] dist/_astro/context.D4ekBfl1.js                                                    1.33 kB │ gzip:   0.46 kB
00:05:27 [vite] dist/_astro/trigger.proto.DeF6-c7b.js                                              1.33 kB │ gzip:   0.66 kB
00:05:27 [vite] dist/_astro/trigger.proto.Bjex5q9x.js                                              1.35 kB │ gzip:   0.68 kB
00:05:27 [vite] dist/_astro/content.proto.D3jZkmVQ.js                                              1.36 kB │ gzip:   0.55 kB
00:05:27 [vite] dist/_astro/close-icon.proto.B0mrVLI0.js                                           1.38 kB │ gzip:   0.75 kB
00:05:27 [vite] dist/_astro/content.proto.BHPw76KW.js                                              1.38 kB │ gzip:   0.55 kB
00:05:27 [vite] dist/_astro/demo-brutalist-scroll-area.demo.Cgc_edom.js                            1.39 kB │ gzip:   0.40 kB
00:05:27 [vite] dist/_astro/trigger.proto.BQuYL0Bs.js                                              1.41 kB │ gzip:   0.68 kB
00:05:27 [vite] dist/_astro/shared.D8iaX5m6.js                                                     1.50 kB │ gzip:   0.59 kB
00:05:27 [vite] dist/_astro/command.ChH0z-lC.js                                                    1.51 kB │ gzip:   0.65 kB
00:05:27 [vite] dist/_astro/index.jNQ7X2Eg.js                                                      1.51 kB │ gzip:   0.69 kB
00:05:27 [vite] dist/_astro/command.D2VhJ7GN.js                                                    1.52 kB │ gzip:   0.66 kB
00:05:27 [vite] dist/_astro/command.D8HvorJv.js                                                    1.53 kB │ gzip:   0.65 kB
00:05:27 [vite] dist/_astro/demo-base-tooltip.demo.B3kg3jyA.js                                     1.55 kB │ gzip:   0.53 kB
00:05:27 [vite] dist/_astro/trigger.proto.BkSo01dm.js                                              1.57 kB │ gzip:   0.71 kB
00:05:27 [vite] dist/_astro/trigger.proto.BgBstwFy.js                                              1.59 kB │ gzip:   0.70 kB
00:05:27 [vite] dist/_astro/demo-base-select.demo.Coh6AN7l.js                                      1.60 kB │ gzip:   0.61 kB
00:05:27 [vite] dist/_astro/demo-shadcn-radio-group.demo.B3n1CuBi.js                               1.62 kB │ gzip:   0.73 kB
00:05:27 [vite] dist/_astro/list.proto.YTWGs46F.js                                                 1.64 kB │ gzip:   0.68 kB
00:05:27 [vite] dist/_astro/demo-shadcn-scroll-area.demo.C9Cm2tZK.js                               1.66 kB │ gzip:   0.60 kB
00:05:27 [vite] dist/_astro/item.proto.EuGxwYWL.js                                                 1.67 kB │ gzip:   0.89 kB
00:05:27 [vite] dist/_astro/content.proto.CPah347p.js                                              1.68 kB │ gzip:   0.70 kB
00:05:27 [vite] dist/_astro/item.proto.Cy700ioR.js                                                 1.69 kB │ gzip:   0.75 kB
00:05:27 [vite] dist/_astro/use-open-state.C3vK9F2G.js                                             1.70 kB │ gzip:   0.69 kB
00:05:27 [vite] dist/_astro/demo-shadcn-checkbox.demo.C6cTzLID.js                                  1.70 kB │ gzip:   0.30 kB
00:05:27 [vite] dist/_astro/root.proto.DG9MJ6Od.js                                                 1.70 kB │ gzip:   0.71 kB
00:05:27 [vite] dist/_astro/content.proto.BbqG-RMQ.js                                              1.71 kB │ gzip:   0.72 kB
00:05:27 [vite] dist/_astro/content.proto.DHLkrlQ-.js                                              1.72 kB │ gzip:   0.71 kB
00:05:27 [vite] dist/_astro/index.DVf7I3es.js                                                      1.76 kB │ gzip:   0.71 kB
00:05:27 [vite] dist/_astro/item.proto.CD2quYnk.js                                                 1.77 kB │ gzip:   0.75 kB
00:05:27 [vite] dist/_astro/index.9qDIsNpM.js                                                      1.79 kB │ gzip:   0.72 kB
00:05:27 [vite] dist/_astro/item.proto.D_E2AhIw.js                                                 1.80 kB │ gzip:   0.90 kB
00:05:27 [vite] dist/_astro/index.BRdcGw71.js                                                      1.83 kB │ gzip:   0.79 kB
00:05:27 [vite] dist/_astro/index.D-0Bz5AY.js                                                      1.83 kB │ gzip:   0.81 kB
00:05:27 [vite] dist/_astro/code-panel-client.JJ5a3lXJ.js                                          1.84 kB │ gzip:   0.87 kB
00:05:27 [vite] dist/_astro/content.proto.CFakKP80.js                                              1.87 kB │ gzip:   0.92 kB
00:05:27 [vite] dist/_astro/trigger.proto.DGV-o9R9.js                                              1.89 kB │ gzip:   0.88 kB
00:05:27 [vite] dist/_astro/index.DjALQTpB.js                                                      1.89 kB │ gzip:   0.81 kB
00:05:27 [vite] dist/_astro/as-overlay.DQzrxV3A.js                                                 1.89 kB │ gzip:   0.86 kB
00:05:27 [vite] dist/_astro/content.proto.Cb3RN9Um.js                                              1.89 kB │ gzip:   0.79 kB
00:05:27 [vite] dist/_astro/as-collection-item.B-iJMvkW.js                                         1.94 kB │ gzip:   0.82 kB
00:05:27 [vite] dist/_astro/trigger.proto.CDFTfwHw.js                                              1.96 kB │ gzip:   0.89 kB
00:05:27 [vite] dist/_astro/index.BGlYXeCq.js                                                      1.98 kB │ gzip:   0.83 kB
00:05:27 [vite] dist/_astro/group.proto.C4AQOGcu.js                                                1.99 kB │ gzip:   0.84 kB
00:05:27 [vite] dist/_astro/trigger.proto.CTBbg7LI.js                                              2.00 kB │ gzip:   0.91 kB
00:05:27 [vite] dist/_astro/trigger.proto.DQ0qnuAa.js                                              2.01 kB │ gzip:   0.89 kB
00:05:27 [vite] dist/_astro/trigger.proto.CU2Naqqx.js                                              2.03 kB │ gzip:   0.97 kB
00:05:27 [vite] dist/_astro/index.FO0H4a62.js                                                      2.04 kB │ gzip:   0.89 kB
00:05:27 [vite] dist/_astro/button.proto.DKrlX92K.js                                               2.14 kB │ gzip:   0.83 kB
00:05:27 [vite] dist/_astro/demo-brutalist-textarea.demo.NxcX4IUr.js                               2.19 kB │ gzip:   0.81 kB
00:05:27 [vite] dist/_astro/index.moN-l-do.js                                                      2.23 kB │ gzip:   0.94 kB
00:05:27 [vite] dist/_astro/page.B1D-nYk3.js                                                       2.24 kB │ gzip:   1.01 kB
00:05:27 [vite] dist/_astro/demo-base-transition-controlled.demo.Cmhzxix1.js                       2.26 kB │ gzip:   0.87 kB
00:05:27 [vite] dist/_astro/trigger.proto.DzQQKAsT.js                                              2.31 kB │ gzip:   1.06 kB
00:05:27 [vite] dist/_astro/overlay.proto.BiNLbDsE.js                                              2.32 kB │ gzip:   1.10 kB
00:05:27 [vite] dist/_astro/item.proto.BIKJJsRa.js                                                 2.36 kB │ gzip:   1.05 kB
00:05:27 [vite] dist/_astro/demo-base-transition-command.demo.N31ZJcvH.js                          2.39 kB │ gzip:   0.81 kB
00:05:27 [vite] dist/_astro/demo-base-scroll-area.demo.BgyztDuB.js                                 2.40 kB │ gzip:   0.50 kB
00:05:27 [vite] dist/_astro/trigger.proto.CZpaBpN9.js                                              2.42 kB │ gzip:   1.10 kB
00:05:27 [vite] dist/_astro/root.proto.Bu8QriGQ.js                                                 2.52 kB │ gzip:   0.94 kB
00:05:27 [vite] dist/_astro/root.proto.BXFfq5XP.js                                                 2.56 kB │ gzip:   1.03 kB
00:05:27 [vite] dist/_astro/index.DgF38fGI.js                                                      2.61 kB │ gzip:   1.09 kB
00:05:27 [vite] dist/_astro/index.C2JTS8uc.js                                                      2.64 kB │ gzip:   0.97 kB
00:05:27 [vite] dist/_astro/index.BW03zZrv.js                                                      2.67 kB │ gzip:   1.16 kB
00:05:27 [vite] dist/_astro/demo-base-image.demo.CJUmPHl5.js                                       2.72 kB │ gzip:   1.22 kB
00:05:27 [vite] dist/_astro/demo-base-radio-group.demo.CaDWyYAw.js                                 2.85 kB │ gzip:   1.17 kB
00:05:27 [vite] dist/_astro/style-isolation.astro_astro_type_script_index_0_lang.CZINpXgo.js       2.89 kB │ gzip:   1.05 kB
00:05:27 [vite] dist/_astro/root.proto.jNLnJF7X.js                                                 2.93 kB │ gzip:   1.05 kB
00:05:27 [vite] dist/_astro/root.proto.BDDR-INP.js                                                 2.93 kB │ gzip:   1.18 kB
00:05:27 [vite] dist/_astro/site-shadcn-controls.DpzJ9VNB.js                                       2.95 kB │ gzip:   1.16 kB
00:05:27 [vite] dist/_astro/adapter-preference.CwjgafIB.js                                         2.98 kB │ gzip:   1.18 kB
00:05:27 [vite] dist/_astro/content.proto.pVWb89Dx.js                                              3.11 kB │ gzip:   1.28 kB
00:05:27 [vite] dist/_astro/PrototypePreviewer.astro_astro_type_script_index_0_lang.C4suw3pz.js    3.13 kB │ gzip:   1.45 kB
00:05:27 [vite] dist/_astro/item.proto.D9mOmFgB.js                                                 3.16 kB │ gzip:   1.33 kB
00:05:27 [vite] dist/_astro/thumb.proto.CWYgW1bp.js                                                3.20 kB │ gzip:   1.18 kB
00:05:27 [vite] dist/_astro/CodeExample.astro_astro_type_script_index_0_lang.CistDuuU.js           3.36 kB │ gzip:   1.50 kB
00:05:27 [vite] dist/_astro/root.proto.DcwFoxym.js                                                 3.36 kB │ gzip:   1.38 kB
00:05:27 [vite] dist/_astro/root.proto.NgwquBvg.js                                                 3.47 kB │ gzip:   1.28 kB
00:05:27 [vite] dist/_astro/content.proto.CWPl6rWH.js                                              3.58 kB │ gzip:   1.51 kB
00:05:27 [vite] dist/_astro/root.proto.D8gpeY-b.js                                                 3.61 kB │ gzip:   1.35 kB
00:05:27 [vite] dist/_astro/index.yQvYcklL.js                                                      3.82 kB │ gzip:   1.09 kB
00:05:27 [vite] dist/_astro/content.proto.Cr8zh2vT.js                                              3.99 kB │ gzip:   1.70 kB
00:05:27 [vite] dist/_astro/root.proto.ECTaxjn0.js                                                 4.11 kB │ gzip:   1.35 kB
00:05:27 [vite] dist/_astro/Search.astro_astro_type_script_index_0_lang.CYUTzoau.js                4.31 kB │ gzip:   1.79 kB
00:05:27 [vite] dist/_astro/demo-base-textarea.demo.dQr5JpJX.js                                    4.38 kB │ gzip:   1.66 kB
00:05:27 [vite] dist/_astro/trigger.proto.eRmzXJO5.js                                              4.50 kB │ gzip:   1.66 kB
00:05:27 [vite] dist/_astro/index.BTN1own5.js                                                      4.53 kB │ gzip:   1.55 kB
00:05:27 [vite] dist/_astro/as-transition.proto.C_C8Lbum.js                                        5.25 kB │ gzip:   1.75 kB
00:05:27 [vite] dist/_astro/TableOfContents.astro_astro_type_script_index_0_lang.9jarATFN.js       5.28 kB │ gzip:   2.14 kB
00:05:27 [vite] dist/_astro/content.proto.DqhWe4Wk.js                                              5.77 kB │ gzip:   2.33 kB
00:05:27 [vite] dist/_astro/content.proto.DC4EdvkE.js                                              5.82 kB │ gzip:   2.37 kB
00:05:27 [vite] dist/_astro/HomeDemoPreviewer.astro_astro_type_script_index_0_lang.D5dvbfmB.js     8.42 kB │ gzip:   3.45 kB
00:05:27 [vite] dist/_astro/index.XudzZGUr.js                                                      8.79 kB │ gzip:   2.87 kB
00:05:27 [vite] dist/_astro/index.tInnqdeT.js                                                     11.15 kB │ gzip:   3.61 kB
00:05:27 [vite] dist/_astro/previewer-client.DN_uGQAN.js                                          11.66 kB │ gzip:   4.54 kB
00:05:27 [vite] dist/_astro/vue-runtime.C666oZ2o.js                                               14.13 kB │ gzip:   5.75 kB
00:05:27 [vite] dist/_astro/react-runtime.Da8fPka7.js                                             15.40 kB │ gzip:   6.02 kB
00:05:27 [vite] dist/_astro/vue2-runtime.BSbekim8.js                                              20.00 kB │ gzip:   7.28 kB
00:05:27 [vite] dist/_astro/prototype-modules.CdYdol3m.js                                         42.95 kB │ gzip:  10.16 kB
00:05:27 [vite] dist/_astro/projection-scope.B2GgU02L.js                                          52.93 kB │ gzip:  13.04 kB
00:05:27 [vite] dist/_astro/ui-core.5vfW5kUq.js                                                   72.90 kB │ gzip:  22.85 kB
00:05:27 [vite] dist/_astro/LucideIconGallery.astro_astro_type_script_index_0_lang.Dn4tBJbi.js   114.55 kB │ gzip:  28.88 kB
00:05:27 [vite] dist/_astro/adapt.B1J8vIjo.js                                                    332.42 kB │ gzip:  90.00 kB
00:05:27 [vite] dist/_astro/index.Bw8TO-ig.js                                                    605.07 kB │ gzip: 127.81 kB
00:05:27 [WARN] [vite] 
(!) Some chunks are larger than 500 kB after minification. Consider:
- Using dynamic import() to code-split the application
- Use build.rollupOptions.output.manualChunks to improve chunking: https://rollupjs.org/configuration-options/#output-manualchunks
- Adjust chunk size limit for this warning via build.chunkSizeWarningLimit.
00:05:27 [vite] ✓ built in 9.32s

 generating static routes 
00:05:27 λ /_llms-txt/[slug].txt
00:05:27 ▶ /404
Entry docs → 404 was not found.
00:05:27   └─ /404.html (+29ms) 
00:05:27 ▶ src/pages/en/test/style-isolation.astro
00:05:27   └─ /en/test/style-isolation/index.html (+4ms) 
00:05:27 λ /llms-full.txt
00:05:27   └─ /llms-full.txt (+27ms) 
00:05:27 λ /llms-small.txt
00:05:27   └─ /llms-small.txt (+23ms) 
00:05:27 λ /llms.txt
00:05:27   └─ /llms.txt (+2ms) 
00:05:27 ▶ src/pages/index.astro
00:05:27   └─ /index.html (+2ms) 
00:05:27 ▶ /[...slug]
00:05:27   ├─ /en/index.html (+16ms) 
00:05:27   ├─ /en/build/adapter-guide/index.html (+13ms) 
00:05:27   ├─ /zh-cn/index.html (+9ms) 
00:05:27   ├─ /en/build/contribute/index.html (+16ms) 
00:05:27   ├─ /en/build/index.html (+6ms) 
00:05:27   ├─ /en/contribute/collaboration/index.html (+8ms) 
00:05:27   ├─ /en/contribute/automation/index.html (+7ms) 
00:05:28   ├─ /en/contribute/deliver/index.html (+12ms) 
00:05:28   ├─ /en/contribute/index.html (+6ms) 
00:05:28   ├─ /en/project/about/index.html (+5ms) 
00:05:28   ├─ /en/project/links/index.html (+5ms) 
00:05:28   ├─ /en/project/roadmap/index.html (+10ms) 
00:05:28   ├─ /en/project/status/index.html (+6ms) 
00:05:28   ├─ /en/start-here/how-it-works/index.html (+7ms) 
00:05:28   ├─ /en/start-here/quick-start/index.html (+274ms) 
00:05:28   ├─ /en/start-here/what-you-saw/index.html (+30ms) 
00:05:28   ├─ /en/start-here/why-proto-ui/index.html (+341ms) 
00:05:28   ├─ /en/reference/compatibility/index.html (+8ms) 
00:05:28   ├─ /en/reference/index.html (+10ms) 
00:05:28   ├─ /en/specifications/anatomy/index.html (+24ms) 
00:05:28   ├─ /en/specifications/as-hook/index.html (+15ms) 
00:05:28   ├─ /en/specifications/context/index.html (+21ms) 
00:05:28   ├─ /en/specifications/core/index.html (+5ms) 
00:05:28   ├─ /en/specifications/event/index.html (+17ms) 
00:05:28   ├─ /en/specifications/expose/index.html (+20ms) 
00:05:28   ├─ /en/specifications/feedback/index.html (+14ms) 
00:05:28   ├─ /en/specifications/introduction/index.html (+8ms) 
00:05:28   ├─ /en/reference/prototype-api/index.html (+14ms) 
00:05:28   ├─ /en/contribute/skills/index.html (+6ms) 
00:05:28   ├─ /en/contribute/agents/index.html (+5ms) 
00:05:28   ├─ /en/build/compiler-guide/index.html (+6ms) 
00:05:28   ├─ /en/build/host-caps/index.html (+12ms) 
00:05:28   ├─ /en/build/contracts-and-tests/index.html (+7ms) 
00:05:28   ├─ /en/build/runtime-architecture/index.html (+5ms) 
00:05:28   ├─ /en/build/module-extension-architecture/index.html (+7ms) 
00:05:28   ├─ /en/specifications/props/index.html (+33ms) 
00:05:28   ├─ /en/specifications/lifecycle/index.html (+12ms) 
00:05:28   ├─ /en/specifications/rule/index.html (+12ms) 
00:05:28   ├─ /en/specifications/state/index.html (+19ms) 
00:05:28   ├─ /en/specifications/template/index.html (+10ms) 
00:05:28   ├─ /en/wiki/as-hook/index.html (+7ms) 
00:05:28   ├─ /en/ui-libraries/index.html (+20ms) 
00:05:29   ├─ /en/wiki/anatomy/index.html (+5ms) 
00:05:29   ├─ /en/wiki/core-capabilities/index.html (+7ms) 
00:05:29   ├─ /en/wiki/index.html (+12ms) 
00:05:29   ├─ /en/wiki/style-tokens/index.html (+10ms) 
00:05:29   ├─ /en/wiki/rule/index.html (+5ms) 
00:05:29   ├─ /en/whitepaper/0-preface/index.html (+7ms) 
00:05:29   ├─ /en/whitepaper/1-components-before-code/index.html (+6ms) 
00:05:29   ├─ /en/whitepaper/2-interaction-relations/index.html (+9ms) 
00:05:29   ├─ /en/whitepaper/3-component-boundary/index.html (+5ms) 
00:05:29   ├─ /en/whitepaper/4-semantics-beyond-channels/index.html (+6ms) 
00:05:29   ├─ /en/whitepaper/5-translation-layer/index.html (+7ms) 
00:05:29   ├─ /en/whitepaper/7-evolving-within-boundaries/index.html (+12ms) 
00:05:29   ├─ /en/whitepaper/6-consistency-boundary/index.html (+7ms) 
00:05:29   ├─ /en/whitepaper/8-conclusion/index.html (+7ms) 
00:05:29   ├─ /zh-cn/build/adapter-guide/index.html (+5ms) 
00:05:29   ├─ /zh-cn/build/contribute/index.html (+11ms) 
00:05:29   ├─ /zh-cn/build/contracts-and-tests/index.html (+6ms) 
00:05:29   ├─ /zh-cn/build/compiler-guide/index.html (+5ms) 
00:05:29   ├─ /zh-cn/build/host-caps/index.html (+6ms) 
00:05:29   ├─ /zh-cn/build/index.html (+11ms) 
00:05:29   ├─ /zh-cn/build/module-extension-architecture/index.html (+10ms) 
00:05:29   ├─ /zh-cn/build/runtime-architecture/index.html (+5ms) 
00:05:29   ├─ /zh-cn/contribute/agents/index.html (+7ms) 
00:05:29   ├─ /zh-cn/contribute/automation/index.html (+12ms) 
00:05:29   ├─ /zh-cn/contribute/collaboration/index.html (+5ms) 
00:05:29   ├─ /zh-cn/contribute/deliver/index.html (+6ms) 
00:05:29   ├─ /zh-cn/contribute/index.html (+5ms) 
00:05:29   ├─ /zh-cn/contribute/skills/index.html (+17ms) 
00:05:29   ├─ /zh-cn/project/about/index.html (+9ms) 
00:05:29   ├─ /zh-cn/project/links/index.html (+7ms) 
00:05:29   ├─ /zh-cn/project/roadmap/index.html (+7ms) 
00:05:29   ├─ /zh-cn/project/status/index.html (+11ms) 
00:05:29   ├─ /zh-cn/reference/compatibility/index.html (+9ms) 
00:05:29   ├─ /zh-cn/reference/index.html (+5ms) 
00:05:29   ├─ /zh-cn/reference/prototype-api/index.html (+5ms) 
00:05:29   ├─ /zh-cn/start-here/what-you-saw/index.html (+9ms) 
00:05:29   ├─ /zh-cn/start-here/how-it-works/index.html (+5ms) 
00:05:29   ├─ /zh-cn/start-here/quick-start/index.html (+26ms) 
00:05:29   ├─ /zh-cn/start-here/why-proto-ui/index.html (+15ms) 
00:05:29   ├─ /zh-cn/ui-libraries/index.html (+8ms) 
00:05:29   ├─ /zh-cn/wiki/anatomy/index.html (+5ms) 
00:05:29   ├─ /zh-cn/wiki/as-hook/index.html (+4ms) 
00:05:29   ├─ /zh-cn/wiki/core-capabilities/index.html (+8ms) 
00:05:29   ├─ /zh-cn/wiki/index.html (+9ms) 
00:05:29   ├─ /zh-cn/wiki/style-tokens/index.html (+4ms) 
00:05:29   ├─ /zh-cn/wiki/rule/index.html (+4ms) 
00:05:29   ├─ /zh-cn/specifications/as-hook/index.html (+18ms) 
00:05:29   ├─ /zh-cn/specifications/anatomy/index.html (+13ms) 
00:05:29   ├─ /zh-cn/specifications/core/index.html (+6ms) 
00:05:29   ├─ /zh-cn/specifications/context/index.html (+15ms) 
00:05:29   ├─ /zh-cn/specifications/event/index.html (+11ms) 
00:05:29   ├─ /zh-cn/specifications/expose/index.html (+12ms) 
00:05:29   ├─ /zh-cn/specifications/feedback/index.html (+16ms) 
00:05:29   ├─ /zh-cn/specifications/introduction/index.html (+5ms) 
00:05:29   ├─ /zh-cn/specifications/lifecycle/index.html (+16ms) 
00:05:29   ├─ /zh-cn/specifications/rule/index.html (+15ms) 
00:05:29   ├─ /zh-cn/specifications/state/index.html (+11ms) 
00:05:29   ├─ /zh-cn/specifications/props/index.html (+10ms) 
00:05:29   ├─ /zh-cn/specifications/template/index.html (+14ms) 
00:05:29   ├─ /zh-cn/whitepaper/0-preface/index.html (+4ms) 
00:05:29   ├─ /zh-cn/whitepaper/1-components-before-code/index.html (+4ms) 
00:05:29   ├─ /zh-cn/whitepaper/2-interaction-relations/index.html (+4ms) 
00:05:29   ├─ /zh-cn/whitepaper/3-component-boundary/index.html (+10ms) 
00:05:29   ├─ /zh-cn/whitepaper/4-semantics-beyond-channels/index.html (+5ms) 
00:05:29   ├─ /zh-cn/whitepaper/5-translation-layer/index.html (+5ms) 
00:05:29   ├─ /zh-cn/whitepaper/6-consistency-boundary/index.html (+4ms) 
00:05:29   ├─ /zh-cn/whitepaper/8-conclusion/index.html (+9ms) 
00:05:29   ├─ /zh-cn/whitepaper/7-evolving-within-boundaries/index.html (+4ms) 
00:05:29   ├─ /en/build/prototypes/building-a-styled-library-on-top-of-base/index.html (+4ms) 
00:05:29   ├─ /en/build/prototypes/checklist/index.html (+4ms) 
00:05:29   ├─ /en/build/prototypes/implementing-an-approved-base-slice/index.html (+9ms) 
00:05:29   ├─ /en/build/prototypes/index.html (+4ms) 
00:05:29   ├─ /en/build/prototypes/projecting-base-into-a-design-language/index.html (+4ms) 
00:05:29   ├─ /en/build/prototypes/maintaining-an-existing-prototype/index.html (+4ms) 
00:05:29   ├─ /en/build/prototypes/reference-patterns/index.html (+9ms) 
00:05:29   ├─ /en/build/prototypes/when-not-to-write-a-new-prototype/index.html (+4ms) 
00:05:29   ├─ /en/prototypes/shadcn/hover-card/index.html (+130ms) 
00:05:29   ├─ /en/build/prototypes/writing-a-compound-prototype/index.html (+11ms) 
00:05:29   ├─ /en/ui-libraries/base/async-region/index.html (+9ms) 
00:05:29   ├─ /en/build/prototypes/writing-a-custom-primitive-prototype/index.html (+4ms) 
00:05:29   ├─ /en/ui-libraries/base/button/index.html (+8ms) 
00:05:29   ├─ /en/ui-libraries/base/checkbox/index.html (+50ms) 
00:05:29   ├─ /en/ui-libraries/base/dialog/index.html (+37ms) 
00:05:29   ├─ /en/ui-libraries/base/dropdown-menu/index.html (+13ms) 
00:05:29   ├─ /en/ui-libraries/base/hover-card/index.html (+27ms) 
00:05:29   ├─ /en/ui-libraries/base/image/index.html (+11ms) 
00:05:29   ├─ /en/ui-libraries/base/index.html (+17ms) 
00:05:29   ├─ /en/ui-libraries/base/live-region/index.html (+9ms) 
00:05:29   ├─ /en/ui-libraries/base/radio-group/index.html (+14ms) 
00:05:29   ├─ /en/ui-libraries/base/scroll-area/index.html (+8ms) 
00:05:29   ├─ /en/ui-libraries/base/select/index.html (+455ms) 
00:05:30   ├─ /en/ui-libraries/base/switch/index.html (+122ms) 
00:05:30   ├─ /en/ui-libraries/base/separator/index.html (+14ms) 
00:05:30   ├─ /en/ui-libraries/base/tabs/index.html (+10ms) 
00:05:30   ├─ /en/ui-libraries/base/table/index.html (+8ms) 
00:05:30   ├─ /en/ui-libraries/base/textarea/index.html (+8ms) 
00:05:30   ├─ /en/ui-libraries/base/tooltip/index.html (+598ms) 
00:05:31   ├─ /en/ui-libraries/base/transition/index.html (+680ms) 
00:05:31   ├─ /en/ui-libraries/base/toggle/index.html (+15ms) 
00:05:31   ├─ /en/ui-libraries/brutalist/design-contract/index.html (+14ms) 
00:05:31   ├─ /en/ui-libraries/brutalist/index.html (+12ms) 
00:05:31   ├─ /en/ui-libraries/lucide/icons/index.html (+21ms) 
00:05:31   ├─ /en/ui-libraries/shadcn/button/index.html (+75ms) 
00:05:32   ├─ /en/ui-libraries/lucide/index.html (+11ms) 
00:05:32   ├─ /en/ui-libraries/shadcn/checkbox/index.html (+8ms) 
00:05:32   ├─ /en/ui-libraries/shadcn/dialog/index.html (+25ms) 
00:05:32   ├─ /en/ui-libraries/shadcn/dropdown-menu/index.html (+8ms) 
00:05:32   ├─ /en/ui-libraries/shadcn/hover-card/index.html (+29ms) 
00:05:32   ├─ /en/ui-libraries/shadcn/index.html (+9ms) 
00:05:32   ├─ /en/ui-libraries/shadcn/radio-group/index.html (+10ms) 
00:05:32   ├─ /en/ui-libraries/shadcn/scroll-area/index.html (+16ms) 
00:05:32   ├─ /en/ui-libraries/shadcn/select/index.html (+9ms) 
00:05:32   ├─ /en/ui-libraries/shadcn/separator/index.html (+8ms) 
00:05:32   ├─ /en/ui-libraries/shadcn/switch/index.html (+7ms) 
00:05:32   ├─ /en/ui-libraries/shadcn/tabs/index.html (+94ms) 
00:05:32   ├─ /en/ui-libraries/shadcn/textarea/index.html (+11ms) 
00:05:32   ├─ /en/ui-libraries/shadcn/toggle/index.html (+7ms) 
00:05:32   ├─ /en/ui-libraries/shadcn/tooltip/index.html (+10ms) 
00:05:32   ├─ /zh-cn/build/prototypes/building-a-styled-library-on-top-of-base/index.html (+16ms) 
00:05:32   ├─ /zh-cn/build/prototypes/checklist/index.html (+11ms) 
00:05:32   ├─ /zh-cn/build/prototypes/implementing-an-approved-base-slice/index.html (+5ms) 
00:05:32   ├─ /zh-cn/build/prototypes/index.html (+4ms) 
00:05:32   ├─ /zh-cn/build/prototypes/maintaining-an-existing-prototype/index.html (+4ms) 
00:05:32   ├─ /zh-cn/build/prototypes/projecting-base-into-a-design-language/index.html (+9ms) 
00:05:32   ├─ /zh-cn/build/prototypes/reference-patterns/index.html (+5ms) 
00:05:32   ├─ /zh-cn/build/prototypes/when-not-to-write-a-new-prototype/index.html (+4ms) 
00:05:32   ├─ /zh-cn/build/prototypes/writing-a-compound-prototype/index.html (+4ms) 
00:05:32   ├─ /zh-cn/build/prototypes/writing-a-custom-primitive-prototype/index.html (+9ms) 
00:05:32   ├─ /zh-cn/prototypes/shadcn/hover-card/index.html (+17ms) 
00:05:32   ├─ /zh-cn/ui-libraries/base/async-region/index.html (+8ms) 
00:05:32   ├─ /zh-cn/ui-libraries/base/button/index.html (+12ms) 
00:05:32   ├─ /zh-cn/ui-libraries/base/checkbox/index.html (+30ms) 
00:05:32   ├─ /zh-cn/ui-libraries/base/dialog/index.html (+22ms) 
00:05:32   ├─ /zh-cn/ui-libraries/base/dropdown-menu/index.html (+13ms) 
00:05:32   ├─ /zh-cn/ui-libraries/base/hover-card/index.html (+17ms) 
00:05:32   ├─ /zh-cn/ui-libraries/base/image/index.html (+9ms) 
00:05:32   ├─ /zh-cn/ui-libraries/base/index.html (+14ms) 
00:05:32   ├─ /zh-cn/ui-libraries/base/live-region/index.html (+12ms) 
00:05:32   ├─ /zh-cn/ui-libraries/base/radio-group/index.html (+8ms) 
00:05:32   ├─ /zh-cn/ui-libraries/base/scroll-area/index.html (+11ms) 
00:05:32   ├─ /zh-cn/ui-libraries/base/select/index.html (+33ms) 
00:05:32   ├─ /zh-cn/ui-libraries/base/separator/index.html (+7ms) 
00:05:32   ├─ /zh-cn/ui-libraries/base/switch/index.html (+7ms) 
00:05:32   ├─ /zh-cn/ui-libraries/base/tabs/index.html (+7ms) 
00:05:32   ├─ /zh-cn/ui-libraries/base/table/index.html (+12ms) 
00:05:32   ├─ /zh-cn/ui-libraries/base/textarea/index.html (+7ms) 
00:05:32   ├─ /zh-cn/ui-libraries/base/toggle/index.html (+7ms) 
00:05:32   ├─ /zh-cn/ui-libraries/base/transition/index.html (+59ms) 
00:05:32   ├─ /zh-cn/ui-libraries/lucide/icons/index.html (+10ms) 
00:05:32   ├─ /zh-cn/ui-libraries/base/tooltip/index.html (+29ms) 
00:05:32   ├─ /zh-cn/ui-libraries/lucide/index.html (+10ms) 
00:05:32   ├─ /zh-cn/ui-libraries/shadcn/button/index.html (+272ms) 
00:05:32   ├─ /zh-cn/ui-libraries/shadcn/checkbox/index.html (+8ms) 
00:05:33   ├─ /zh-cn/ui-libraries/shadcn/dialog/index.html (+24ms) 
00:05:33   ├─ /zh-cn/ui-libraries/shadcn/hover-card/index.html (+16ms) 
00:05:33   ├─ /zh-cn/ui-libraries/shadcn/dropdown-menu/index.html (+11ms) 
00:05:33   ├─ /zh-cn/ui-libraries/shadcn/index.html (+8ms) 
00:05:33   ├─ /zh-cn/ui-libraries/shadcn/radio-group/index.html (+22ms) 
00:05:33   ├─ /zh-cn/ui-libraries/shadcn/scroll-area/index.html (+12ms) 
00:05:33   ├─ /zh-cn/ui-libraries/shadcn/select/index.html (+8ms) 
00:05:33   ├─ /zh-cn/ui-libraries/shadcn/separator/index.html (+6ms) 
00:05:33   ├─ /zh-cn/ui-libraries/shadcn/switch/index.html (+7ms) 
00:05:33   ├─ /zh-cn/ui-libraries/shadcn/tabs/index.html (+56ms) 
00:05:33   ├─ /zh-cn/ui-libraries/shadcn/textarea/index.html (+11ms) 
00:05:33   ├─ /zh-cn/ui-libraries/shadcn/toggle/index.html (+7ms) 
00:05:33   ├─ /zh-cn/ui-libraries/shadcn/tooltip/index.html (+7ms) 
00:05:33   ├─ /zh-cn/ui-libraries/brutalist/design-contract/index.html (+7ms) 
00:05:33   ├─ /zh-cn/ui-libraries/brutalist/index.html (+13ms) 
00:05:33   ├─ /en/ui-libraries/brutalist/components/badge/index.html (+8ms) 
00:05:33   ├─ /en/ui-libraries/brutalist/components/card/index.html (+7ms) 
00:05:33   ├─ /en/ui-libraries/brutalist/components/button/index.html (+9ms) 
00:05:33   ├─ /en/ui-libraries/brutalist/components/checkbox/index.html (+13ms) 
00:05:33   ├─ /en/ui-libraries/brutalist/components/dialog/index.html (+8ms) 
00:05:33   ├─ /en/ui-libraries/brutalist/components/dropdown-menu/index.html (+8ms) 
00:05:33   ├─ /en/ui-libraries/brutalist/components/hover-card/index.html (+7ms) 
00:05:33   ├─ /en/ui-libraries/brutalist/components/scroll-area/index.html (+11ms) 
00:05:33   ├─ /en/ui-libraries/brutalist/components/select/index.html (+6ms) 
00:05:33   ├─ /en/ui-libraries/brutalist/components/separator/index.html (+6ms) 
00:05:33   ├─ /en/ui-libraries/brutalist/components/switch/index.html (+6ms) 
00:05:33   ├─ /en/ui-libraries/brutalist/components/skeleton/index.html (+10ms) 
00:05:33   ├─ /en/ui-libraries/brutalist/components/tabs/index.html (+14ms) 
00:05:33   ├─ /en/ui-libraries/brutalist/components/textarea/index.html (+7ms) 
00:05:33   ├─ /en/ui-libraries/brutalist/components/toggle/index.html (+7ms) 
00:05:33   ├─ /en/ui-libraries/brutalist/components/tooltip/index.html (+12ms) 
00:05:33   ├─ /zh-cn/ui-libraries/brutalist/components/badge/index.html (+8ms) 
00:05:33   ├─ /zh-cn/ui-libraries/brutalist/components/button/index.html (+7ms) 
00:05:33   ├─ /zh-cn/ui-libraries/brutalist/components/card/index.html (+7ms) 
00:05:33   ├─ /zh-cn/ui-libraries/brutalist/components/checkbox/index.html (+14ms) 
00:05:33   ├─ /zh-cn/ui-libraries/brutalist/components/dropdown-menu/index.html (+7ms) 
00:05:33   ├─ /zh-cn/ui-libraries/brutalist/components/hover-card/index.html (+7ms) 
00:05:33   ├─ /zh-cn/ui-libraries/brutalist/components/dialog/index.html (+8ms) 
00:05:33   ├─ /zh-cn/ui-libraries/brutalist/components/scroll-area/index.html (+13ms) 
00:05:33   ├─ /zh-cn/ui-libraries/brutalist/components/select/index.html (+9ms) 
00:05:33   ├─ /zh-cn/ui-libraries/brutalist/components/separator/index.html (+7ms) 
00:05:33   ├─ /zh-cn/ui-libraries/brutalist/components/skeleton/index.html (+7ms) 
00:05:33   ├─ /zh-cn/ui-libraries/brutalist/components/switch/index.html (+12ms) 
00:05:33   ├─ /zh-cn/ui-libraries/brutalist/components/tabs/index.html (+7ms) 
00:05:33   ├─ /zh-cn/ui-libraries/brutalist/components/tooltip/index.html (+8ms) 
00:05:33   ├─ /zh-cn/ui-libraries/brutalist/components/textarea/index.html (+8ms) 
00:05:33   └─ /zh-cn/ui-libraries/brutalist/components/toggle/index.html (+12ms) 
00:05:33 ▶ /en/prototypes/shadcn/dialog
00:05:33   └─ /en/prototypes/shadcn/dialog/index.html (+1ms) 
00:05:33 ▶ /en/whitepaper/component-as-protocol
00:05:33   └─ /en/whitepaper/component-as-protocol/index.html (+1ms) 
00:05:33 ▶ /en/whitepaper/design-constraints
00:05:33   └─ /en/whitepaper/design-constraints/index.html (+1ms) 
00:05:33 ▶ /en/whitepaper/evolution-path
00:05:33   └─ /en/whitepaper/evolution-path/index.html (+1ms) 
00:05:33 ▶ /en/whitepaper/execution-semantics
00:05:33   └─ /en/whitepaper/execution-semantics/index.html (+1ms) 
00:05:33 ▶ /en/whitepaper/faq
00:05:33   └─ /en/whitepaper/faq/index.html (+1ms) 
00:05:33 ▶ /en/whitepaper/information-flow-model
00:05:33   └─ /en/whitepaper/information-flow-model/index.html (+1ms) 
00:05:33 ▶ /en/whitepaper/prototype-boundary
00:05:33   └─ /en/whitepaper/prototype-boundary/index.html (+1ms) 
00:05:33 ▶ /en/whitepaper/translation-layer
00:05:33   └─ /en/whitepaper/translation-layer/index.html (+1ms) 
00:05:33 ▶ /zh-cn/prototypes/shadcn/dialog
00:05:33   └─ /zh-cn/prototypes/shadcn/dialog/index.html (+1ms) 
00:05:33 ▶ /zh-cn/whitepaper/component-as-protocol
00:05:33   └─ /zh-cn/whitepaper/component-as-protocol/index.html (+1ms) 
00:05:33 ▶ /zh-cn/whitepaper/design-constraints
00:05:33   └─ /zh-cn/whitepaper/design-constraints/index.html (+1ms) 
00:05:33 ▶ /zh-cn/whitepaper/evolution-path
00:05:33   └─ /zh-cn/whitepaper/evolution-path/index.html (+1ms) 
00:05:33 ▶ /zh-cn/whitepaper/execution-semantics
00:05:33   └─ /zh-cn/whitepaper/execution-semantics/index.html (+1ms) 
00:05:33 ▶ /zh-cn/whitepaper/faq
00:05:33   └─ /zh-cn/whitepaper/faq/index.html (+1ms) 
00:05:33 ▶ /zh-cn/whitepaper/information-flow-model
00:05:33   └─ /zh-cn/whitepaper/information-flow-model/index.html (+1ms) 
00:05:33 ▶ /zh-cn/whitepaper/prototype-boundary
00:05:33   └─ /zh-cn/whitepaper/prototype-boundary/index.html (+1ms) 
00:05:33 ▶ /zh-cn/whitepaper/translation-layer
00:05:33   └─ /zh-cn/whitepaper/translation-layer/index.html (+1ms) 
00:05:33 ✓ Completed in 5.88s.

npm warn Unknown env config "manage-package-manager-versions". This will stop working in the next major version of npm. See `npm help npmrc` for supported config options.
npm warn Unknown env config "npm-globalconfig". This will stop working in the next major version of npm. See `npm help npmrc` for supported config options.
npm warn Unknown env config "package-manager-strict". This will stop working in the next major version of npm. See `npm help npmrc` for supported config options.
npm warn Unknown env config "recursive". This will stop working in the next major version of npm. See `npm help npmrc` for supported config options.
npm warn Unknown env config "verify-deps-before-run". This will stop working in the next major version of npm. See `npm help npmrc` for supported config options.
npm warn Unknown env config "_jsr-registry". This will stop working in the next major version of npm. See `npm help npmrc` for supported config options.

Running Pagefind v1.4.0 (Extended)
Running from: "D:\\a\\Proto-UI\\Proto-UI\\source\\node_modules\\.pnpm\\@astrojs+starlight@0.35.3_a_b0aa86eccf551483ed1b86c82fc51956\\node_modules\\@astrojs\\starlight"
Source:       "..\\..\\..\\..\\..\\..\\apps\\www\\dist"
Output:       "..\\..\\..\\..\\..\\..\\apps\\www\\dist\\pagefind"

[Walking source directory]
Found 263 files matching **/*.{html}

[Parsing files]
Found a data-pagefind-body element on the site.
↳ Ignoring pages without this tag.
18 pages found without an <html> element. 
Pages without an outer <html> element will not be processed by default. 
If adding this element is not possible, use the root selector config to target a different root element.

[Reading languages]
  * "/en/prototypes/shadcn/dialog/" has no <html> element
  * "/en/whitepaper/component-as-protocol/" has no <html> element
  * "/en/whitepaper/design-constraints/" has no <html> element
  * "/en/whitepaper/evolution-path/" has no <html> element
  * "/en/whitepaper/execution-semantics/" has no <html> element
  * "/en/whitepaper/faq/" has no <html> element
  * "/en/whitepaper/information-flow-model/" has no <html> element
  * "/en/whitepaper/prototype-boundary/" has no <html> element
  * "/en/whitepaper/translation-layer/" has no <html> element
  * "/zh-cn/prototypes/shadcn/dialog/" has no <html> element
  * "/zh-cn/whitepaper/component-as-protocol/" has no <html> element
  * "/zh-cn/whitepaper/design-constraints/" has no <html> element
  * "/zh-cn/whitepaper/evolution-path/" has no <html> element
  * "/zh-cn/whitepaper/execution-semantics/" has no <html> element
  * "/zh-cn/whitepaper/faq/" has no <html> element
  * "/zh-cn/whitepaper/information-flow-model/" has no <html> element
  * "/zh-cn/whitepaper/prototype-boundary/" has no <html> element
  * "/zh-cn/whitepaper/translation-layer/" has no <html> element
Discovered 2 languages: zh-cn, en

[Building search indexes]
Total: 
  Indexed 2 languages
  Indexed 242 pages
  Indexed 10265 words
  Indexed 0 filters
  Indexed 0 sorts
Note: Pagefind doesn't support stemming for the language zh-cn. 
Search will still work, but will not match across root words.
Note: Pagefind doesn't support stemming for the language zh-cn. 
Search will still work, but will not match across root words.

Finished in 1.264 seconds
00:05:36 [build] Waiting for integration "@astrojs/starlight", hook "astro:build:done"...
00:05:41 [@astrojs/sitemap] `sitemap-index.xml` created at `dist`
00:05:41 [build] 245 page(s) built in 35.49s
00:05:41 [build] Complete!
[clean-sitemap] removed root redirect URL from sitemap-0.xml
